20:28:35.980 INFO  manager.ApplicationManager - All tests run in CHROME Browser
20:28:35.981 INFO  manager.ApplicationManager - All tests run in Edge Browser
20:28:36.831 INFO  manager.ApplicationManager - The link is -->https://telranedu.web.app/home
20:28:36.845 INFO  manager.TestNGListener - Start tests on date Wed Feb 25 20:28:36 IST 2026=================
20:28:36.856 INFO  manager.WDListener - Before find element By.xpath: //button[text()='Sign Out']
20:28:41.960 INFO  manager.WDListener - After find element By.cssSelector: a[href='/login']
20:28:41.976 INFO  manager.WDListener - Location of element a
20:28:42.014 INFO  manager.WDListener - Before click element --> atext=LOGIN
20:28:42.140 INFO  manager.WDListener - After click element a
20:28:42.185 INFO  manager.WDListener - After find element By.name: email
20:28:42.199 INFO  manager.WDListener - Location of element input
20:28:42.219 INFO  manager.WDListener - Before click element --> inputtext=
20:28:42.318 INFO  manager.WDListener - After click element input
20:28:42.374 INFO  manager.WDListener - Send Keys input
20:28:42.452 INFO  manager.WDListener - Send Keys input
20:28:42.506 INFO  manager.WDListener - Send Keys input
20:28:42.609 INFO  manager.WDListener - After find element By.name: password
20:28:42.622 INFO  manager.WDListener - Location of element input
20:28:42.647 INFO  manager.WDListener - Before click element --> inputtext=
20:28:42.746 INFO  manager.WDListener - After click element input
20:28:42.773 INFO  manager.WDListener - Send Keys input
20:28:42.840 INFO  manager.WDListener - Send Keys input
20:28:42.909 INFO  manager.WDListener - Send Keys input
20:28:43.024 INFO  manager.WDListener - After find element By.xpath: //button[text()='Login']
20:28:43.035 INFO  manager.WDListener - Location of element button
20:28:43.061 INFO  manager.WDListener - Before click element --> buttontext=Login
20:28:43.213 INFO  tests.TestBase - Name of method -->addContactSuccessAllFields
20:28:43.217 INFO  manager.TestNGListener - Start test addContactSuccessAllFields=================
20:28:44.280 INFO  manager.WDListener - After find element By.xpath: //*[@href='/add']
20:28:44.297 INFO  manager.WDListener - Location of element a
20:28:44.325 INFO  manager.WDListener - Before click element --> atext=ADD
20:28:44.448 INFO  manager.WDListener - After click element a
20:28:44.485 INFO  manager.WDListener - After find element By.xpath: //input[@placeholder='Name']
20:28:44.495 INFO  manager.WDListener - Location of element input
20:28:44.516 INFO  manager.WDListener - Before click element --> inputtext=
20:28:44.608 INFO  manager.WDListener - After click element input
20:28:44.654 INFO  manager.WDListener - Send Keys input
20:28:44.700 INFO  manager.WDListener - Send Keys input
20:28:44.759 INFO  manager.WDListener - Send Keys input
20:28:44.835 INFO  manager.WDListener - After find element By.xpath: //input[@placeholder='Last Name']
20:28:44.847 INFO  manager.WDListener - Location of element input
20:28:44.872 INFO  manager.WDListener - Before click element --> inputtext=
20:28:44.966 INFO  manager.WDListener - After click element input
20:28:45.019 INFO  manager.WDListener - Send Keys input
20:28:45.066 INFO  manager.WDListener - Send Keys input
20:28:45.114 INFO  manager.WDListener - Send Keys input
20:28:45.172 INFO  manager.WDListener - After find element By.xpath: //input[@placeholder='Phone']
20:28:45.186 INFO  manager.WDListener - Location of element input
20:28:45.213 INFO  manager.WDListener - Before click element --> inputtext=
20:28:45.302 INFO  manager.WDListener - After click element input
20:28:45.352 INFO  manager.WDListener - Send Keys input
20:28:45.408 INFO  manager.WDListener - Send Keys input
20:28:45.452 INFO  manager.WDListener - Send Keys input
20:28:45.525 INFO  manager.WDListener - After find element By.xpath: //input[@placeholder='email']
20:28:45.533 INFO  manager.WDListener - Location of element input
20:28:45.557 INFO  manager.WDListener - Before click element --> inputtext=
20:28:45.653 INFO  manager.WDListener - After click element input
20:28:45.706 INFO  manager.WDListener - Send Keys input
20:28:45.757 INFO  manager.WDListener - Send Keys input
20:28:45.810 INFO  manager.WDListener - Send Keys input
20:28:45.900 INFO  manager.WDListener - After find element By.xpath: //input[@placeholder='Address']
20:28:45.911 INFO  manager.WDListener - Location of element input
20:28:45.934 INFO  manager.WDListener - Before click element --> inputtext=
20:28:46.041 INFO  manager.WDListener - After click element input
20:28:46.082 INFO  manager.WDListener - Send Keys input
20:28:46.132 INFO  manager.WDListener - Send Keys input
20:28:46.184 INFO  manager.WDListener - Send Keys input
20:28:46.283 INFO  manager.WDListener - After find element By.xpath: //input[@placeholder='description']
20:28:46.293 INFO  manager.WDListener - Location of element input
20:28:46.311 INFO  manager.WDListener - Before click element --> inputtext=
20:28:46.426 INFO  manager.WDListener - After click element input
20:28:46.483 INFO  manager.WDListener - Send Keys input
20:28:46.517 INFO  manager.WDListener - Send Keys input
20:28:46.538 INFO  manager.WDListener - Send Keys input
20:28:47.070 INFO  manager.WDListener - After find element By.xpath: //b[text()='Save']
20:28:47.082 INFO  manager.WDListener - Location of element b
20:28:47.108 INFO  manager.WDListener - Before click element --> btext=Save
20:28:47.205 INFO  manager.WDListener - After click element b
20:28:47.205 INFO  manager.WDListener - Before find element By.cssSelector: h2
20:28:48.403 INFO  manager.WDListener - Before find element By.cssSelector: h3
20:28:48.868 INFO  manager.TestNGListener - Start test addContactSuccessAllFields=================
20:28:48.869 INFO  tests.TestBase - +++++++++++++++++++++++++++++++
20:28:48.871 INFO  tests.TestBase - Name of method -->addContactSuccessAllFields
20:28:48.871 INFO  manager.TestNGListener - Start test addContactSuccessAllFields=================
20:28:48.895 INFO  manager.WDListener - After find element By.xpath: //*[@href='/add']
20:28:48.904 INFO  manager.WDListener - Location of element a
20:28:48.921 INFO  manager.WDListener - Before click element --> atext=ADD
20:28:48.995 INFO  manager.WDListener - After click element a
20:28:49.012 INFO  manager.WDListener - After find element By.xpath: //input[@placeholder='Name']
20:28:49.021 INFO  manager.WDListener - Location of element input
20:28:49.042 INFO  manager.WDListener - Before click element --> inputtext=
20:28:49.112 INFO  manager.WDListener - After click element input
20:28:49.155 INFO  manager.WDListener - Send Keys input
20:28:49.203 INFO  manager.WDListener - Send Keys input
20:28:49.247 INFO  manager.WDListener - Send Keys input
20:28:49.306 INFO  manager.WDListener - After find element By.xpath: //input[@placeholder='Last Name']
20:28:49.315 INFO  manager.WDListener - Location of element input
20:28:49.334 INFO  manager.WDListener - Before click element --> inputtext=
20:28:49.420 INFO  manager.WDListener - After click element input
20:28:49.469 INFO  manager.WDListener - Send Keys input
20:28:49.524 INFO  manager.WDListener - Send Keys input
20:28:49.558 INFO  manager.WDListener - Send Keys input
20:28:49.608 INFO  manager.WDListener - After find element By.xpath: //input[@placeholder='Phone']
20:28:49.619 INFO  manager.WDListener - Location of element input
20:28:49.640 INFO  manager.WDListener - Before click element --> inputtext=
20:28:49.707 INFO  manager.WDListener - After click element input
20:28:49.751 INFO  manager.WDListener - Send Keys input
20:28:49.801 INFO  manager.WDListener - Send Keys input
20:28:49.838 INFO  manager.WDListener - Send Keys input
20:28:49.898 INFO  manager.WDListener - After find element By.xpath: //input[@placeholder='email']
20:28:49.909 INFO  manager.WDListener - Location of element input
20:28:49.939 INFO  manager.WDListener - Before click element --> inputtext=
20:28:50.039 INFO  manager.WDListener - After click element input
20:28:50.090 INFO  manager.WDListener - Send Keys input
20:28:50.135 INFO  manager.WDListener - Send Keys input
20:28:50.168 INFO  manager.WDListener - Send Keys input
20:28:50.229 INFO  manager.WDListener - After find element By.xpath: //input[@placeholder='Address']
20:28:50.235 INFO  manager.WDListener - Location of element input
20:28:50.252 INFO  manager.WDListener - Before click element --> inputtext=
20:28:50.319 INFO  manager.WDListener - After click element input
20:28:50.362 INFO  manager.WDListener - Send Keys input
20:28:50.420 INFO  manager.WDListener - Send Keys input
20:28:50.482 INFO  manager.WDListener - Send Keys input
20:28:50.579 INFO  manager.WDListener - After find element By.xpath: //input[@placeholder='description']
20:28:50.594 INFO  manager.WDListener - Location of element input
20:28:50.629 INFO  manager.WDListener - Before click element --> inputtext=
20:28:50.724 INFO  manager.WDListener - After click element input
20:28:50.772 INFO  manager.WDListener - Send Keys input
20:28:50.819 INFO  manager.WDListener - Send Keys input
20:28:51.307 INFO  manager.WDListener - After find element By.xpath: //b[text()='Save']
20:28:51.318 INFO  manager.WDListener - Location of element b
20:28:51.338 INFO  manager.WDListener - Before click element --> btext=Save
20:28:51.427 INFO  manager.WDListener - After click element b
20:28:51.427 INFO  manager.WDListener - Before find element By.cssSelector: h2
20:28:52.739 INFO  manager.WDListener - Before find element By.cssSelector: h3
20:28:53.141 INFO  manager.TestNGListener - Start test addContactSuccessAllFields=================
20:28:53.142 INFO  tests.TestBase - +++++++++++++++++++++++++++++++
20:28:53.144 INFO  tests.TestBase - Name of method -->addContactSuccessAllFieldsSCV
20:28:53.145 INFO  manager.TestNGListener - Start test addContactSuccessAllFieldsSCV=================
20:28:53.165 INFO  manager.WDListener - After find element By.xpath: //*[@href='/add']
20:28:53.173 INFO  manager.WDListener - Location of element a
20:28:53.196 INFO  manager.WDListener - Before click element --> atext=ADD
20:28:53.303 INFO  manager.WDListener - After click element a
20:28:53.320 INFO  manager.WDListener - After find element By.xpath: //input[@placeholder='Name']
20:28:53.328 INFO  manager.WDListener - Location of element input
20:28:53.350 INFO  manager.WDListener - Before click element --> inputtext=
20:28:53.447 INFO  manager.WDListener - After click element input
20:28:53.511 INFO  manager.WDListener - Send Keys input
20:28:53.583 INFO  manager.WDListener - Send Keys input
20:28:53.645 INFO  manager.WDListener - Send Keys input
20:28:53.735 INFO  manager.WDListener - After find element By.xpath: //input[@placeholder='Last Name']
20:28:53.746 INFO  manager.WDListener - Location of element input
20:28:53.764 INFO  manager.WDListener - Before click element --> inputtext=
20:28:53.842 INFO  manager.WDListener - After click element input
20:28:53.887 INFO  manager.WDListener - Send Keys input
20:28:53.933 INFO  manager.WDListener - Send Keys input
20:28:53.982 INFO  manager.WDListener - Send Keys input
20:28:54.034 INFO  manager.WDListener - After find element By.xpath: //input[@placeholder='Phone']
20:28:54.045 INFO  manager.WDListener - Location of element input
20:28:54.064 INFO  manager.WDListener - Before click element --> inputtext=
20:28:54.148 INFO  manager.WDListener - After click element input
20:28:54.187 INFO  manager.WDListener - Send Keys input
20:28:54.233 INFO  manager.WDListener - Send Keys input
20:28:54.282 INFO  manager.WDListener - Send Keys input
20:28:54.342 INFO  manager.WDListener - After find element By.xpath: //input[@placeholder='email']
20:28:54.355 INFO  manager.WDListener - Location of element input
20:28:54.384 INFO  manager.WDListener - Before click element --> inputtext=
20:28:54.488 INFO  manager.WDListener - After click element input
20:28:54.535 INFO  manager.WDListener - Send Keys input
20:28:54.586 INFO  manager.WDListener - Send Keys input
20:28:54.646 INFO  manager.WDListener - After find element By.xpath: //input[@placeholder='Address']
20:28:54.655 INFO  manager.WDListener - Location of element input
20:28:54.679 INFO  manager.WDListener - Before click element --> inputtext=
20:28:54.783 INFO  manager.WDListener - After click element input
20:28:54.835 INFO  manager.WDListener - Send Keys input
20:28:54.896 INFO  manager.WDListener - Send Keys input
20:28:54.952 INFO  manager.WDListener - Send Keys input
20:28:55.028 INFO  manager.WDListener - After find element By.xpath: //input[@placeholder='description']
20:28:55.039 INFO  manager.WDListener - Location of element input
20:28:55.064 INFO  manager.WDListener - Before click element --> inputtext=
20:28:55.164 INFO  manager.WDListener - After click element input
20:28:55.208 INFO  manager.WDListener - Send Keys input
20:28:55.258 INFO  manager.WDListener - Send Keys input
20:28:55.308 INFO  manager.WDListener - Send Keys input
20:28:55.716 INFO  manager.WDListener - After find element By.xpath: //b[text()='Save']
20:28:55.726 INFO  manager.WDListener - Location of element b
20:28:55.748 INFO  manager.WDListener - Before click element --> btext=Save
20:28:55.828 INFO  manager.WDListener - After click element b
20:28:55.829 INFO  manager.WDListener - Before find element By.cssSelector: h2
20:28:56.948 INFO  manager.WDListener - Before find element By.cssSelector: h3
20:28:57.384 INFO  manager.TestNGListener - Start test addContactSuccessAllFieldsSCV=================
20:28:57.386 INFO  tests.TestBase - +++++++++++++++++++++++++++++++
20:28:57.388 INFO  tests.TestBase - Name of method -->addContactSuccessAllFieldsSCV
20:28:57.388 INFO  manager.TestNGListener - Start test addContactSuccessAllFieldsSCV=================
20:28:57.408 INFO  manager.WDListener - After find element By.xpath: //*[@href='/add']
20:28:57.418 INFO  manager.WDListener - Location of element a
20:28:57.440 INFO  manager.WDListener - Before click element --> atext=ADD
20:28:57.515 INFO  manager.WDListener - After click element a
20:28:57.536 INFO  manager.WDListener - After find element By.xpath: //input[@placeholder='Name']
20:28:57.546 INFO  manager.WDListener - Location of element input
20:28:57.569 INFO  manager.WDListener - Before click element --> inputtext=
20:28:57.663 INFO  manager.WDListener - After click element input
20:28:57.707 INFO  manager.WDListener - Send Keys input
20:28:57.747 INFO  manager.WDListener - Send Keys input
20:28:57.796 INFO  manager.WDListener - Send Keys input
20:28:57.864 INFO  manager.WDListener - After find element By.xpath: //input[@placeholder='Last Name']
20:28:57.874 INFO  manager.WDListener - Location of element input
20:28:57.891 INFO  manager.WDListener - Before click element --> inputtext=
20:28:57.956 INFO  manager.WDListener - After click element input
20:28:57.998 INFO  manager.WDListener - Send Keys input
20:28:58.050 INFO  manager.WDListener - Send Keys input
20:28:58.094 INFO  manager.WDListener - Send Keys input
20:28:58.168 INFO  manager.WDListener - After find element By.xpath: //input[@placeholder='Phone']
20:28:58.178 INFO  manager.WDListener - Location of element input
20:28:58.200 INFO  manager.WDListener - Before click element --> inputtext=
20:28:58.289 INFO  manager.WDListener - After click element input
20:28:58.344 INFO  manager.WDListener - Send Keys input
20:28:58.385 INFO  manager.WDListener - Send Keys input
20:28:58.431 INFO  manager.WDListener - Send Keys input
20:28:58.507 INFO  manager.WDListener - After find element By.xpath: //input[@placeholder='email']
20:28:58.517 INFO  manager.WDListener - Location of element input
20:28:58.543 INFO  manager.WDListener - Before click element --> inputtext=
20:28:58.625 INFO  manager.WDListener - After click element input
20:28:58.648 INFO  manager.WDListener - Send Keys input
20:28:58.683 INFO  manager.WDListener - Send Keys input
20:28:58.749 INFO  manager.WDListener - After find element By.xpath: //input[@placeholder='Address']
20:28:58.759 INFO  manager.WDListener - Location of element input
20:28:58.778 INFO  manager.WDListener - Before click element --> inputtext=
20:28:58.864 INFO  manager.WDListener - After click element input
20:28:58.884 INFO  manager.WDListener - Send Keys input
20:28:58.906 INFO  manager.WDListener - Send Keys input
20:28:58.930 INFO  manager.WDListener - Send Keys input
20:28:59.023 INFO  manager.WDListener - After find element By.xpath: //input[@placeholder='description']
20:28:59.034 INFO  manager.WDListener - Location of element input
20:28:59.058 INFO  manager.WDListener - Before click element --> inputtext=
20:28:59.174 INFO  manager.WDListener - After click element input
20:28:59.224 INFO  manager.WDListener - Send Keys input
20:28:59.260 INFO  manager.WDListener - Send Keys input
20:28:59.279 INFO  manager.WDListener - Send Keys input
20:28:59.738 INFO  manager.WDListener - After find element By.xpath: //b[text()='Save']
20:28:59.800 INFO  manager.WDListener - Location of element b
20:28:59.825 INFO  manager.WDListener - Before click element --> btext=Save
20:28:59.922 INFO  manager.WDListener - After click element b
20:28:59.923 INFO  manager.WDListener - Before find element By.cssSelector: h2
20:29:00.739 INFO  manager.WDListener - Before find element By.cssSelector: h3
20:29:01.138 INFO  manager.TestNGListener - Start test addContactSuccessAllFieldsSCV=================
20:29:01.138 INFO  tests.TestBase - +++++++++++++++++++++++++++++++
20:29:01.140 INFO  tests.TestBase - Name of method -->addContactSuccessRequiredFields
20:29:01.141 INFO  manager.TestNGListener - Start test addContactSuccessRequiredFields=================
20:29:01.160 INFO  manager.WDListener - After find element By.xpath: //*[@href='/add']
20:29:01.168 INFO  manager.WDListener - Location of element a
20:29:01.188 INFO  manager.WDListener - Before click element --> atext=ADD
20:29:01.272 INFO  manager.WDListener - After click element a
20:29:01.294 INFO  manager.WDListener - After find element By.xpath: //input[@placeholder='Name']
20:29:01.304 INFO  manager.WDListener - Location of element input
20:29:01.325 INFO  manager.WDListener - Before click element --> inputtext=
20:29:01.418 INFO  manager.WDListener - After click element input
20:29:01.461 INFO  manager.WDListener - Send Keys input
20:29:01.501 INFO  manager.WDListener - Send Keys input
20:29:01.539 INFO  manager.WDListener - Send Keys input
20:29:01.625 INFO  manager.WDListener - After find element By.xpath: //input[@placeholder='Last Name']
20:29:01.635 INFO  manager.WDListener - Location of element input
20:29:01.662 INFO  manager.WDListener - Before click element --> inputtext=
20:29:01.758 INFO  manager.WDListener - After click element input
20:29:01.777 INFO  manager.WDListener - Send Keys input
20:29:01.802 INFO  manager.WDListener - Send Keys input
20:29:01.822 INFO  manager.WDListener - Send Keys input
20:29:01.870 INFO  manager.WDListener - After find element By.xpath: //input[@placeholder='Phone']
20:29:01.880 INFO  manager.WDListener - Location of element input
20:29:01.894 INFO  manager.WDListener - Before click element --> inputtext=
20:29:01.929 INFO  manager.WDListener - After click element input
20:29:01.948 INFO  manager.WDListener - Send Keys input
20:29:01.967 INFO  manager.WDListener - Send Keys input
20:29:02.001 INFO  manager.WDListener - Send Keys input
20:29:02.072 INFO  manager.WDListener - After find element By.xpath: //input[@placeholder='email']
20:29:02.084 INFO  manager.WDListener - Location of element input
20:29:02.108 INFO  manager.WDListener - Before click element --> inputtext=
20:29:02.209 INFO  manager.WDListener - After click element input
20:29:02.261 INFO  manager.WDListener - Send Keys input
20:29:02.309 INFO  manager.WDListener - Send Keys input
20:29:02.367 INFO  manager.WDListener - Send Keys input
20:29:02.466 INFO  manager.WDListener - After find element By.xpath: //input[@placeholder='Address']
20:29:02.475 INFO  manager.WDListener - Location of element input
20:29:02.494 INFO  manager.WDListener - Before click element --> inputtext=
20:29:02.581 INFO  manager.WDListener - After click element input
20:29:02.626 INFO  manager.WDListener - Send Keys input
20:29:02.665 INFO  manager.WDListener - Send Keys input
20:29:02.686 INFO  manager.WDListener - Send Keys input
20:29:02.743 INFO  manager.WDListener - After find element By.xpath: //input[@placeholder='description']
20:29:02.752 INFO  manager.WDListener - Location of element input
20:29:02.774 INFO  manager.WDListener - Before click element --> inputtext=
20:29:02.862 INFO  manager.WDListener - After click element input
20:29:02.902 INFO  manager.WDListener - Send Keys input
20:29:02.929 INFO  manager.WDListener - Send Keys input
20:29:02.955 INFO  manager.WDListener - After find element By.xpath: //b[text()='Save']
20:29:02.964 INFO  manager.WDListener - Location of element b
20:29:02.977 INFO  manager.WDListener - Before click element --> btext=Save
20:29:03.059 INFO  manager.WDListener - After click element b
20:29:03.059 INFO  manager.WDListener - Before find element By.cssSelector: h2
20:29:05.064 INFO  manager.WDListener - Before find element By.cssSelector: h3
20:29:06.146 INFO  manager.TestNGListener - Start test addContactSuccessRequiredFields=================
20:29:06.147 INFO  tests.TestBase - +++++++++++++++++++++++++++++++
20:29:06.150 INFO  tests.TestBase - Name of method -->addNewContactWrongAddress
20:29:06.151 INFO  manager.TestNGListener - Start test addNewContactWrongAddress=================
20:29:06.168 INFO  manager.WDListener - After find element By.xpath: //*[@href='/add']
20:29:06.179 INFO  manager.WDListener - Location of element a
20:29:06.201 INFO  manager.WDListener - Before click element --> atext=ADD
20:29:06.281 INFO  manager.WDListener - After click element a
20:29:06.297 INFO  manager.WDListener - After find element By.xpath: //input[@placeholder='Name']
20:29:06.308 INFO  manager.WDListener - Location of element input
20:29:06.325 INFO  manager.WDListener - Before click element --> inputtext=
20:29:06.402 INFO  manager.WDListener - After click element input
20:29:06.447 INFO  manager.WDListener - Send Keys input
20:29:06.504 INFO  manager.WDListener - Send Keys input
20:29:06.551 INFO  manager.WDListener - Send Keys input
20:29:06.612 INFO  manager.WDListener - After find element By.xpath: //input[@placeholder='Last Name']
20:29:06.622 INFO  manager.WDListener - Location of element input
20:29:06.641 INFO  manager.WDListener - Before click element --> inputtext=
20:29:06.715 INFO  manager.WDListener - After click element input
20:29:06.760 INFO  manager.WDListener - Send Keys input
20:29:06.812 INFO  manager.WDListener - Send Keys input
20:29:06.855 INFO  manager.WDListener - Send Keys input
20:29:06.927 INFO  manager.WDListener - After find element By.xpath: //input[@placeholder='Phone']
20:29:06.937 INFO  manager.WDListener - Location of element input
20:29:06.958 INFO  manager.WDListener - Before click element --> inputtext=
20:29:07.024 INFO  manager.WDListener - After click element input
20:29:07.073 INFO  manager.WDListener - Send Keys input
20:29:07.113 INFO  manager.WDListener - Send Keys input
20:29:07.131 INFO  manager.WDListener - Send Keys input
20:29:07.169 INFO  manager.WDListener - After find element By.xpath: //input[@placeholder='email']
20:29:07.176 INFO  manager.WDListener - Location of element input
20:29:07.200 INFO  manager.WDListener - Before click element --> inputtext=
20:29:07.301 INFO  manager.WDListener - After click element input
20:29:07.353 INFO  manager.WDListener - Send Keys input
20:29:07.381 INFO  manager.WDListener - Send Keys input
20:29:07.425 INFO  manager.WDListener - Send Keys input
20:29:07.507 INFO  manager.WDListener - After find element By.xpath: //input[@placeholder='Address']
20:29:07.515 INFO  manager.WDListener - Location of element input
20:29:07.535 INFO  manager.WDListener - Before click element --> inputtext=
20:29:07.633 INFO  manager.WDListener - After click element input
20:29:07.677 INFO  manager.WDListener - Send Keys input
20:29:07.727 INFO  manager.WDListener - Send Keys input
20:29:07.754 INFO  manager.WDListener - Send Keys input
20:29:07.776 INFO  manager.WDListener - After find element By.xpath: //input[@placeholder='description']
20:29:07.779 INFO  manager.WDListener - Location of element input
20:29:07.787 INFO  manager.WDListener - Before click element --> inputtext=
20:29:07.822 INFO  manager.WDListener - After click element input
20:29:07.839 INFO  manager.WDListener - Send Keys input
20:29:07.855 INFO  manager.WDListener - Send Keys input
20:29:07.878 INFO  manager.WDListener - Send Keys input
20:29:07.934 INFO  manager.WDListener - After find element By.xpath: //b[text()='Save']
20:29:07.947 INFO  manager.WDListener - Location of element b
20:29:07.972 INFO  manager.WDListener - Before click element --> btext=Save
20:29:08.038 INFO  manager.WDListener - After click element b
20:29:08.040 INFO  manager.WDListener - Before find element By.cssSelector: a.active[href='/add']
20:29:08.059 INFO  manager.TestNGListener - Start test addNewContactWrongAddress=================
20:29:08.060 INFO  tests.TestBase - +++++++++++++++++++++++++++++++
20:29:08.061 INFO  tests.TestBase - Name of method -->addNewContactWrongEmail
20:29:08.062 INFO  manager.TestNGListener - Start test addNewContactWrongEmail=================
20:29:08.075 INFO  manager.WDListener - After find element By.xpath: //*[@href='/add']
20:29:08.080 INFO  manager.WDListener - Location of element a
20:29:08.092 INFO  manager.WDListener - Before click element --> atext=ADD
20:29:08.201 INFO  manager.WDListener - After click element a
20:29:08.220 INFO  manager.WDListener - After find element By.xpath: //input[@placeholder='Name']
20:29:08.230 INFO  manager.WDListener - Location of element input
20:29:08.246 INFO  manager.WDListener - Before click element --> inputtext=
20:29:08.336 INFO  manager.WDListener - After click element input
20:29:08.384 INFO  manager.WDListener - Send Keys input
20:29:08.458 INFO  manager.WDListener - Send Keys input
20:29:08.508 INFO  manager.WDListener - Send Keys input
20:29:08.566 INFO  manager.WDListener - After find element By.xpath: //input[@placeholder='Last Name']
20:29:08.577 INFO  manager.WDListener - Location of element input
20:29:08.599 INFO  manager.WDListener - Before click element --> inputtext=
20:29:08.685 INFO  manager.WDListener - After click element input
20:29:08.752 INFO  manager.WDListener - Send Keys input
20:29:08.816 INFO  manager.WDListener - Send Keys input
20:29:08.840 INFO  manager.WDListener - Send Keys input
20:29:08.879 INFO  manager.WDListener - After find element By.xpath: //input[@placeholder='Phone']
20:29:08.889 INFO  manager.WDListener - Location of element input
20:29:08.908 INFO  manager.WDListener - Before click element --> inputtext=
20:29:09.003 INFO  manager.WDListener - After click element input
20:29:09.048 INFO  manager.WDListener - Send Keys input
20:29:09.123 INFO  manager.WDListener - Send Keys input
20:29:09.166 INFO  manager.WDListener - Send Keys input
20:29:09.222 INFO  manager.WDListener - After find element By.xpath: //input[@placeholder='email']
20:29:09.231 INFO  manager.WDListener - Location of element input
20:29:09.252 INFO  manager.WDListener - Before click element --> inputtext=
20:29:09.329 INFO  manager.WDListener - After click element input
20:29:09.348 INFO  manager.WDListener - Send Keys input
20:29:09.375 INFO  manager.WDListener - Send Keys input
20:29:09.394 INFO  manager.WDListener - Send Keys input
20:29:09.438 INFO  manager.WDListener - After find element By.xpath: //input[@placeholder='Address']
20:29:09.449 INFO  manager.WDListener - Location of element input
20:29:09.470 INFO  manager.WDListener - Before click element --> inputtext=
20:29:09.565 INFO  manager.WDListener - After click element input
20:29:09.616 INFO  manager.WDListener - Send Keys input
20:29:09.662 INFO  manager.WDListener - Send Keys input
20:29:09.683 INFO  manager.WDListener - Send Keys input
20:29:09.751 INFO  manager.WDListener - After find element By.xpath: //input[@placeholder='description']
20:29:09.765 INFO  manager.WDListener - Location of element input
20:29:09.790 INFO  manager.WDListener - Before click element --> inputtext=
20:29:09.888 INFO  manager.WDListener - After click element input
20:29:09.946 INFO  manager.WDListener - Send Keys input
20:29:10.014 INFO  manager.WDListener - Send Keys input
20:29:10.059 INFO  manager.WDListener - Send Keys input
20:29:10.127 INFO  manager.WDListener - After find element By.xpath: //b[text()='Save']
20:29:10.136 INFO  manager.WDListener - Location of element b
20:29:10.153 INFO  manager.WDListener - Before click element --> btext=Save
20:29:10.237 INFO  manager.WDListener - After click element b
20:29:10.237 INFO  manager.WDListener - Before find element By.cssSelector: a.active[href='/add']
20:29:10.271 INFO  manager.WDListener - Houston, we have a problem!
20:29:10.272 INFO  manager.WDListener - +++++++++++++++++++++++++++++++
20:29:10.272 INFO  manager.WDListener - Object target org.openqa.selenium.remote.RemoteWebDriver$RemoteTargetLocator@50bf795f
20:29:10.273 INFO  manager.WDListener - +++++++++++++++++++++++++++++++
20:29:10.273 INFO  manager.WDListener - Method name alert
20:29:10.273 INFO  manager.WDListener - +++++++++++++++++++++++++++++++
20:29:10.273 INFO  manager.WDListener - InvocationTargetException org.openqa.selenium.NoAlertPresentException: no such alert
  (Session info: chrome=145.0.7632.116)
Build info: version: '4.26.0', revision: '8ccf0219d7'
System info: os.name: 'Windows 11', os.arch: 'amd64', os.version: '10.0', java.version: '17.0.12'
Driver info: org.openqa.selenium.chrome.ChromeDriver
Command: [011f61a73fbb72e336e5f550740bce9b, getAlertText {}]
Capabilities {acceptInsecureCerts: false, browserName: chrome, browserVersion: 145.0.7632.116, chrome: {chromedriverVersion: 145.0.7632.77 (da516187054a..., userDataDir: C:\Users\np170\AppData\Loca...}, fedcm:accounts: true, goog:chromeOptions: {debuggerAddress: localhost:54838}, goog:processID: 21788, networkConnectionEnabled: false, pageLoadStrategy: normal, platformName: windows, proxy: Proxy(), se:cdp: ws://localhost:54838/devtoo..., se:cdpVersion: 145.0.7632.116, setWindowRect: true, strictFileInteractability: false, timeouts: {implicit: 0, pageLoad: 300000, script: 30000}, unhandledPromptBehavior: dismiss and notify, webauthn:extension:credBlob: true, webauthn:extension:largeBlob: true, webauthn:extension:minPinLength: true, webauthn:extension:prf: true, webauthn:virtualAuthenticators: true}
Session ID: 011f61a73fbb72e336e5f550740bce9b
20:29:10.274 INFO  manager.WDListener - +++++++++++++++++++++++++++++++
20:29:10.275 INFO  manager.WDListener - Screen with error is src/test/screenshots/screen_1071.png
20:29:10.812 INFO  manager.TestNGListener - Start test addNewContactWrongEmail=================
20:29:10.814 INFO  tests.TestBase - +++++++++++++++++++++++++++++++
20:29:10.816 INFO  tests.TestBase - Name of method -->addNewContactWrongLastName
20:29:10.816 INFO  manager.TestNGListener - Start test addNewContactWrongLastName=================
20:29:10.838 INFO  manager.WDListener - After find element By.xpath: //*[@href='/add']
20:29:10.848 INFO  manager.WDListener - Location of element a
20:29:10.869 INFO  manager.WDListener - Before click element --> atext=ADD
20:29:10.974 INFO  manager.WDListener - After click element a
20:29:10.997 INFO  manager.WDListener - After find element By.xpath: //input[@placeholder='Name']
20:29:11.006 INFO  manager.WDListener - Location of element input
20:29:11.026 INFO  manager.WDListener - Before click element --> inputtext=
20:29:11.089 INFO  manager.WDListener - After click element input
20:29:11.146 INFO  manager.WDListener - Send Keys input
20:29:11.204 INFO  manager.WDListener - Send Keys input
20:29:11.231 INFO  manager.WDListener - Send Keys input
20:29:11.287 INFO  manager.WDListener - After find element By.xpath: //input[@placeholder='Last Name']
20:29:11.300 INFO  manager.WDListener - Location of element input
20:29:11.320 INFO  manager.WDListener - Before click element --> inputtext=
20:29:11.430 INFO  manager.WDListener - After click element input
20:29:11.465 INFO  manager.WDListener - Send Keys input
20:29:11.493 INFO  manager.WDListener - Send Keys input
20:29:11.515 INFO  manager.WDListener - Send Keys input
20:29:11.568 INFO  manager.WDListener - After find element By.xpath: //input[@placeholder='Phone']
20:29:11.578 INFO  manager.WDListener - Location of element input
20:29:11.601 INFO  manager.WDListener - Before click element --> inputtext=
20:29:11.679 INFO  manager.WDListener - After click element input
20:29:11.703 INFO  manager.WDListener - Send Keys input
20:29:11.781 INFO  manager.WDListener - Send Keys input
20:29:11.824 INFO  manager.WDListener - Send Keys input
20:29:11.889 INFO  manager.WDListener - After find element By.xpath: //input[@placeholder='email']
20:29:11.898 INFO  manager.WDListener - Location of element input
20:29:11.917 INFO  manager.WDListener - Before click element --> inputtext=
20:29:11.967 INFO  manager.WDListener - After click element input
20:29:12.002 INFO  manager.WDListener - Send Keys input
20:29:12.089 INFO  manager.WDListener - Send Keys input
20:29:12.126 INFO  manager.WDListener - Send Keys input
20:29:12.189 INFO  manager.WDListener - After find element By.xpath: //input[@placeholder='Address']
20:29:12.202 INFO  manager.WDListener - Location of element input
20:29:12.225 INFO  manager.WDListener - Before click element --> inputtext=
20:29:12.318 INFO  manager.WDListener - After click element input
20:29:12.361 INFO  manager.WDListener - Send Keys input
20:29:12.436 INFO  manager.WDListener - Send Keys input
20:29:12.479 INFO  manager.WDListener - Send Keys input
20:29:12.538 INFO  manager.WDListener - After find element By.xpath: //input[@placeholder='description']
20:29:12.552 INFO  manager.WDListener - Location of element input
20:29:12.578 INFO  manager.WDListener - Before click element --> inputtext=
20:29:12.665 INFO  manager.WDListener - After click element input
20:29:12.696 INFO  manager.WDListener - Send Keys input
20:29:12.779 INFO  manager.WDListener - Send Keys input
20:29:12.822 INFO  manager.WDListener - Send Keys input
20:29:12.902 INFO  manager.WDListener - After find element By.xpath: //b[text()='Save']
20:29:12.911 INFO  manager.WDListener - Location of element b
20:29:12.929 INFO  manager.WDListener - Before click element --> btext=Save
20:29:13.005 INFO  manager.WDListener - After click element b
20:29:13.005 INFO  manager.WDListener - Before find element By.cssSelector: a.active[href='/add']
20:29:13.023 INFO  manager.TestNGListener - Start test addNewContactWrongLastName=================
20:29:13.025 INFO  tests.TestBase - +++++++++++++++++++++++++++++++
20:29:13.026 INFO  tests.TestBase - Name of method -->addNewContactWrongName
20:29:13.026 INFO  manager.TestNGListener - Start test addNewContactWrongName=================
20:29:13.044 INFO  manager.WDListener - After find element By.xpath: //*[@href='/add']
20:29:13.053 INFO  manager.WDListener - Location of element a
20:29:13.073 INFO  manager.WDListener - Before click element --> atext=ADD
20:29:13.152 INFO  manager.WDListener - After click element a
20:29:13.166 INFO  manager.WDListener - After find element By.xpath: //input[@placeholder='Name']
20:29:13.179 INFO  manager.WDListener - Location of element input
20:29:13.201 INFO  manager.WDListener - Before click element --> inputtext=
20:29:13.270 INFO  manager.WDListener - After click element input
20:29:13.299 INFO  manager.WDListener - Send Keys input
20:29:13.366 INFO  manager.WDListener - Send Keys input
20:29:13.423 INFO  manager.WDListener - Send Keys input
20:29:13.477 INFO  manager.WDListener - After find element By.xpath: //input[@placeholder='Last Name']
20:29:13.487 INFO  manager.WDListener - Location of element input
20:29:13.506 INFO  manager.WDListener - Before click element --> inputtext=
20:29:13.581 INFO  manager.WDListener - After click element input
20:29:13.629 INFO  manager.WDListener - Send Keys input
20:29:13.680 INFO  manager.WDListener - Send Keys input
20:29:13.715 INFO  manager.WDListener - Send Keys input
20:29:13.746 INFO  manager.WDListener - After find element By.xpath: //input[@placeholder='Phone']
20:29:13.749 INFO  manager.WDListener - Location of element input
20:29:13.761 INFO  manager.WDListener - Before click element --> inputtext=
20:29:13.854 INFO  manager.WDListener - After click element input
20:29:13.883 INFO  manager.WDListener - Send Keys input
20:29:13.930 INFO  manager.WDListener - Send Keys input
20:29:13.986 INFO  manager.WDListener - Send Keys input
20:29:14.057 INFO  manager.WDListener - After find element By.xpath: //input[@placeholder='email']
20:29:14.067 INFO  manager.WDListener - Location of element input
20:29:14.094 INFO  manager.WDListener - Before click element --> inputtext=
20:29:14.202 INFO  manager.WDListener - After click element input
20:29:14.235 INFO  manager.WDListener - Send Keys input
20:29:14.277 INFO  manager.WDListener - Send Keys input
20:29:14.299 INFO  manager.WDListener - Send Keys input
20:29:14.358 INFO  manager.WDListener - After find element By.xpath: //input[@placeholder='Address']
20:29:14.368 INFO  manager.WDListener - Location of element input
20:29:14.391 INFO  manager.WDListener - Before click element --> inputtext=
20:29:14.485 INFO  manager.WDListener - After click element input
20:29:14.537 INFO  manager.WDListener - Send Keys input
20:29:14.575 INFO  manager.WDListener - Send Keys input
20:29:14.610 INFO  manager.WDListener - Send Keys input
20:29:14.691 INFO  manager.WDListener - After find element By.xpath: //input[@placeholder='description']
20:29:14.700 INFO  manager.WDListener - Location of element input
20:29:14.721 INFO  manager.WDListener - Before click element --> inputtext=
20:29:14.822 INFO  manager.WDListener - After click element input
20:29:14.879 INFO  manager.WDListener - Send Keys input
20:29:14.933 INFO  manager.WDListener - Send Keys input
20:29:14.961 INFO  manager.WDListener - Send Keys input
20:29:15.014 INFO  manager.WDListener - After find element By.xpath: //b[text()='Save']
20:29:15.025 INFO  manager.WDListener - Location of element b
20:29:15.044 INFO  manager.WDListener - Before click element --> btext=Save
20:29:15.111 INFO  manager.WDListener - After click element b
20:29:15.111 INFO  manager.WDListener - Before find element By.cssSelector: a.active[href='/add']
20:29:15.119 INFO  manager.TestNGListener - Start test addNewContactWrongName=================
20:29:15.120 INFO  tests.TestBase - +++++++++++++++++++++++++++++++
20:29:15.122 INFO  tests.TestBase - Name of method -->addNewContactWrongPhone
20:29:15.122 INFO  manager.TestNGListener - Start test addNewContactWrongPhone=================
20:29:15.135 INFO  manager.WDListener - After find element By.xpath: //*[@href='/add']
20:29:15.142 INFO  manager.WDListener - Location of element a
20:29:15.149 INFO  manager.WDListener - Before click element --> atext=ADD
20:29:15.200 INFO  manager.WDListener - After click element a
20:29:15.210 INFO  manager.WDListener - After find element By.xpath: //input[@placeholder='Name']
20:29:15.214 INFO  manager.WDListener - Location of element input
20:29:15.223 INFO  manager.WDListener - Before click element --> inputtext=
20:29:15.258 INFO  manager.WDListener - After click element input
20:29:15.277 INFO  manager.WDListener - Send Keys input
20:29:15.294 INFO  manager.WDListener - Send Keys input
20:29:15.314 INFO  manager.WDListener - Send Keys input
20:29:15.346 INFO  manager.WDListener - After find element By.xpath: //input[@placeholder='Last Name']
20:29:15.354 INFO  manager.WDListener - Location of element input
20:29:15.373 INFO  manager.WDListener - Before click element --> inputtext=
20:29:15.466 INFO  manager.WDListener - After click element input
20:29:15.521 INFO  manager.WDListener - Send Keys input
20:29:15.594 INFO  manager.WDListener - Send Keys input
20:29:15.637 INFO  manager.WDListener - Send Keys input
20:29:15.698 INFO  manager.WDListener - After find element By.xpath: //input[@placeholder='Phone']
20:29:15.708 INFO  manager.WDListener - Location of element input
20:29:15.726 INFO  manager.WDListener - Before click element --> inputtext=
20:29:15.803 INFO  manager.WDListener - After click element input
20:29:15.845 INFO  manager.WDListener - Send Keys input
20:29:15.918 INFO  manager.WDListener - Send Keys input
20:29:15.973 INFO  manager.WDListener - Send Keys input
20:29:16.020 INFO  manager.WDListener - After find element By.xpath: //input[@placeholder='email']
20:29:16.028 INFO  manager.WDListener - Location of element input
20:29:16.048 INFO  manager.WDListener - Before click element --> inputtext=
20:29:16.132 INFO  manager.WDListener - After click element input
20:29:16.173 INFO  manager.WDListener - Send Keys input
20:29:16.249 INFO  manager.WDListener - Send Keys input
20:29:16.288 INFO  manager.WDListener - Send Keys input
20:29:16.357 INFO  manager.WDListener - After find element By.xpath: //input[@placeholder='Address']
20:29:16.367 INFO  manager.WDListener - Location of element input
20:29:16.390 INFO  manager.WDListener - Before click element --> inputtext=
20:29:16.488 INFO  manager.WDListener - After click element input
20:29:16.536 INFO  manager.WDListener - Send Keys input
20:29:16.563 INFO  manager.WDListener - Send Keys input
20:29:16.583 INFO  manager.WDListener - Send Keys input
20:29:16.648 INFO  manager.WDListener - After find element By.xpath: //input[@placeholder='description']
20:29:16.656 INFO  manager.WDListener - Location of element input
20:29:16.676 INFO  manager.WDListener - Before click element --> inputtext=
20:29:16.769 INFO  manager.WDListener - After click element input
20:29:16.827 INFO  manager.WDListener - Send Keys input
20:29:16.913 INFO  manager.WDListener - Send Keys input
20:29:16.970 INFO  manager.WDListener - Send Keys input
20:29:17.047 INFO  manager.WDListener - After find element By.xpath: //b[text()='Save']
20:29:17.058 INFO  manager.WDListener - Location of element b
20:29:17.080 INFO  manager.WDListener - Before click element --> btext=Save
20:29:17.172 INFO  manager.WDListener - After click element b
20:29:17.172 INFO  manager.WDListener - Before find element By.cssSelector: a.active[href='/add']
20:29:17.200 INFO  manager.WDListener - Houston, we have a problem!
20:29:17.200 INFO  manager.WDListener - +++++++++++++++++++++++++++++++
20:29:17.200 INFO  manager.WDListener - Object target org.openqa.selenium.remote.RemoteWebDriver$RemoteTargetLocator@647ff23e
20:29:17.200 INFO  manager.WDListener - +++++++++++++++++++++++++++++++
20:29:17.200 INFO  manager.WDListener - Method name alert
20:29:17.200 INFO  manager.WDListener - +++++++++++++++++++++++++++++++
20:29:17.200 INFO  manager.WDListener - InvocationTargetException org.openqa.selenium.NoAlertPresentException: no such alert
  (Session info: chrome=145.0.7632.116)
Build info: version: '4.26.0', revision: '8ccf0219d7'
System info: os.name: 'Windows 11', os.arch: 'amd64', os.version: '10.0', java.version: '17.0.12'
Driver info: org.openqa.selenium.chrome.ChromeDriver
Command: [011f61a73fbb72e336e5f550740bce9b, getAlertText {}]
Capabilities {acceptInsecureCerts: false, browserName: chrome, browserVersion: 145.0.7632.116, chrome: {chromedriverVersion: 145.0.7632.77 (da516187054a..., userDataDir: C:\Users\np170\AppData\Loca...}, fedcm:accounts: true, goog:chromeOptions: {debuggerAddress: localhost:54838}, goog:processID: 21788, networkConnectionEnabled: false, pageLoadStrategy: normal, platformName: windows, proxy: Proxy(), se:cdp: ws://localhost:54838/devtoo..., se:cdpVersion: 145.0.7632.116, setWindowRect: true, strictFileInteractability: false, timeouts: {implicit: 0, pageLoad: 300000, script: 30000}, unhandledPromptBehavior: dismiss and notify, webauthn:extension:credBlob: true, webauthn:extension:largeBlob: true, webauthn:extension:minPinLength: true, webauthn:extension:prf: true, webauthn:virtualAuthenticators: true}
Session ID: 011f61a73fbb72e336e5f550740bce9b
20:29:17.200 INFO  manager.WDListener - +++++++++++++++++++++++++++++++
20:29:17.200 INFO  manager.WDListener - Screen with error is src/test/screenshots/screen_1131.png
20:29:17.743 INFO  manager.TestNGListener - Start test addNewContactWrongPhone=================
20:29:17.745 INFO  tests.TestBase - +++++++++++++++++++++++++++++++
20:29:17.745 INFO  tests.TestBase - Name of method -->addNewContactWrongPhone
20:29:17.746 INFO  manager.TestNGListener - Start test addNewContactWrongPhone=================
20:29:17.769 INFO  manager.WDListener - After find element By.xpath: //*[@href='/add']
20:29:17.780 INFO  manager.WDListener - Location of element a
20:29:17.802 INFO  manager.WDListener - Before click element --> atext=ADD
20:29:17.886 INFO  manager.WDListener - After click element a
20:29:17.906 INFO  manager.WDListener - After find element By.xpath: //input[@placeholder='Name']
20:29:17.916 INFO  manager.WDListener - Location of element input
20:29:17.939 INFO  manager.WDListener - Before click element --> inputtext=
20:29:18.035 INFO  manager.WDListener - After click element input
20:29:18.081 INFO  manager.WDListener - Send Keys input
20:29:18.148 INFO  manager.WDListener - Send Keys input
20:29:18.185 INFO  manager.WDListener - Send Keys input
20:29:18.239 INFO  manager.WDListener - After find element By.xpath: //input[@placeholder='Last Name']
20:29:18.248 INFO  manager.WDListener - Location of element input
20:29:18.265 INFO  manager.WDListener - Before click element --> inputtext=
20:29:18.351 INFO  manager.WDListener - After click element input
20:29:18.398 INFO  manager.WDListener - Send Keys input
20:29:18.433 INFO  manager.WDListener - Send Keys input
20:29:18.482 INFO  manager.WDListener - Send Keys input
20:29:18.533 INFO  manager.WDListener - After find element By.xpath: //input[@placeholder='Phone']
20:29:18.543 INFO  manager.WDListener - Location of element input
20:29:18.564 INFO  manager.WDListener - Before click element --> inputtext=
20:29:18.648 INFO  manager.WDListener - After click element input
20:29:18.685 INFO  manager.WDListener - Send Keys input
20:29:18.726 INFO  manager.WDListener - Send Keys input
20:29:18.769 INFO  manager.WDListener - Send Keys input
20:29:18.838 INFO  manager.WDListener - After find element By.xpath: //input[@placeholder='email']
20:29:18.850 INFO  manager.WDListener - Location of element input
20:29:18.871 INFO  manager.WDListener - Before click element --> inputtext=
20:29:18.952 INFO  manager.WDListener - After click element input
20:29:19.009 INFO  manager.WDListener - Send Keys input
20:29:19.065 INFO  manager.WDListener - Send Keys input
20:29:19.086 INFO  manager.WDListener - Send Keys input
20:29:19.147 INFO  manager.WDListener - After find element By.xpath: //input[@placeholder='Address']
20:29:19.158 INFO  manager.WDListener - Location of element input
20:29:19.178 INFO  manager.WDListener - Before click element --> inputtext=
20:29:19.278 INFO  manager.WDListener - After click element input
20:29:19.324 INFO  manager.WDListener - Send Keys input
20:29:19.351 INFO  manager.WDListener - Send Keys input
20:29:19.370 INFO  manager.WDListener - Send Keys input
20:29:19.419 INFO  manager.WDListener - After find element By.xpath: //input[@placeholder='description']
20:29:19.429 INFO  manager.WDListener - Location of element input
20:29:19.450 INFO  manager.WDListener - Before click element --> inputtext=
20:29:19.554 INFO  manager.WDListener - After click element input
20:29:19.594 INFO  manager.WDListener - Send Keys input
20:29:19.626 INFO  manager.WDListener - Send Keys input
20:29:19.647 INFO  manager.WDListener - Send Keys input
20:29:19.706 INFO  manager.WDListener - After find element By.xpath: //b[text()='Save']
20:29:19.716 INFO  manager.WDListener - Location of element b
20:29:19.735 INFO  manager.WDListener - Before click element --> btext=Save
20:29:19.799 INFO  manager.WDListener - After click element b
20:29:19.799 INFO  manager.WDListener - Before find element By.cssSelector: a.active[href='/add']
20:29:19.817 INFO  manager.WDListener - Houston, we have a problem!
20:29:19.817 INFO  manager.WDListener - +++++++++++++++++++++++++++++++
20:29:19.817 INFO  manager.WDListener - Object target org.openqa.selenium.remote.RemoteWebDriver$RemoteTargetLocator@2cd5b19c
20:29:19.817 INFO  manager.WDListener - +++++++++++++++++++++++++++++++
20:29:19.819 INFO  manager.WDListener - Method name alert
20:29:19.819 INFO  manager.WDListener - +++++++++++++++++++++++++++++++
20:29:19.819 INFO  manager.WDListener - InvocationTargetException org.openqa.selenium.NoAlertPresentException: no such alert
  (Session info: chrome=145.0.7632.116)
Build info: version: '4.26.0', revision: '8ccf0219d7'
System info: os.name: 'Windows 11', os.arch: 'amd64', os.version: '10.0', java.version: '17.0.12'
Driver info: org.openqa.selenium.chrome.ChromeDriver
Command: [011f61a73fbb72e336e5f550740bce9b, getAlertText {}]
Capabilities {acceptInsecureCerts: false, browserName: chrome, browserVersion: 145.0.7632.116, chrome: {chromedriverVersion: 145.0.7632.77 (da516187054a..., userDataDir: C:\Users\np170\AppData\Loca...}, fedcm:accounts: true, goog:chromeOptions: {debuggerAddress: localhost:54838}, goog:processID: 21788, networkConnectionEnabled: false, pageLoadStrategy: normal, platformName: windows, proxy: Proxy(), se:cdp: ws://localhost:54838/devtoo..., se:cdpVersion: 145.0.7632.116, setWindowRect: true, strictFileInteractability: false, timeouts: {implicit: 0, pageLoad: 300000, script: 30000}, unhandledPromptBehavior: dismiss and notify, webauthn:extension:credBlob: true, webauthn:extension:largeBlob: true, webauthn:extension:minPinLength: true, webauthn:extension:prf: true, webauthn:virtualAuthenticators: true}
Session ID: 011f61a73fbb72e336e5f550740bce9b
20:29:19.819 INFO  manager.WDListener - +++++++++++++++++++++++++++++++
20:29:19.819 INFO  manager.WDListener - Screen with error is src/test/screenshots/screen_1882.png
20:29:20.349 INFO  manager.TestNGListener - Start test addNewContactWrongPhone=================
20:29:20.351 INFO  tests.TestBase - +++++++++++++++++++++++++++++++
20:29:20.353 INFO  tests.TestBase - Name of method -->addNewContactWrongPhone
20:29:20.354 INFO  manager.TestNGListener - Start test addNewContactWrongPhone=================
20:29:20.379 INFO  manager.WDListener - After find element By.xpath: //*[@href='/add']
20:29:20.391 INFO  manager.WDListener - Location of element a
20:29:20.410 INFO  manager.WDListener - Before click element --> atext=ADD
20:29:20.497 INFO  manager.WDListener - After click element a
20:29:20.517 INFO  manager.WDListener - After find element By.xpath: //input[@placeholder='Name']
20:29:20.530 INFO  manager.WDListener - Location of element input
20:29:20.556 INFO  manager.WDListener - Before click element --> inputtext=
20:29:20.652 INFO  manager.WDListener - After click element input
20:29:20.711 INFO  manager.WDListener - Send Keys input
20:29:20.790 INFO  manager.WDListener - Send Keys input
20:29:20.836 INFO  manager.WDListener - Send Keys input
20:29:20.872 INFO  manager.WDListener - After find element By.xpath: //input[@placeholder='Last Name']
20:29:20.876 INFO  manager.WDListener - Location of element input
20:29:20.883 INFO  manager.WDListener - Before click element --> inputtext=
20:29:20.916 INFO  manager.WDListener - After click element input
20:29:20.936 INFO  manager.WDListener - Send Keys input
20:29:20.990 INFO  manager.WDListener - Send Keys input
20:29:21.037 INFO  manager.WDListener - Send Keys input
20:29:21.093 INFO  manager.WDListener - After find element By.xpath: //input[@placeholder='Phone']
20:29:21.101 INFO  manager.WDListener - Location of element input
20:29:21.117 INFO  manager.WDListener - Before click element --> inputtext=
20:29:21.196 INFO  manager.WDListener - After click element input
20:29:21.246 INFO  manager.WDListener - Send Keys input
20:29:21.289 INFO  manager.WDListener - Send Keys input
20:29:21.313 INFO  manager.WDListener - Send Keys input
20:29:21.367 INFO  manager.WDListener - After find element By.xpath: //input[@placeholder='email']
20:29:21.376 INFO  manager.WDListener - Location of element input
20:29:21.392 INFO  manager.WDListener - Before click element --> inputtext=
20:29:21.480 INFO  manager.WDListener - After click element input
20:29:21.528 INFO  manager.WDListener - Send Keys input
20:29:21.603 INFO  manager.WDListener - Send Keys input
20:29:21.646 INFO  manager.WDListener - Send Keys input
20:29:21.710 INFO  manager.WDListener - After find element By.xpath: //input[@placeholder='Address']
20:29:21.719 INFO  manager.WDListener - Location of element input
20:29:21.738 INFO  manager.WDListener - Before click element --> inputtext=
20:29:21.828 INFO  manager.WDListener - After click element input
20:29:21.860 INFO  manager.WDListener - Send Keys input
20:29:21.894 INFO  manager.WDListener - Send Keys input
20:29:21.913 INFO  manager.WDListener - Send Keys input
20:29:21.968 INFO  manager.WDListener - After find element By.xpath: //input[@placeholder='description']
20:29:21.979 INFO  manager.WDListener - Location of element input
20:29:22.000 INFO  manager.WDListener - Before click element --> inputtext=
20:29:22.111 INFO  manager.WDListener - After click element input
20:29:22.179 INFO  manager.WDListener - Send Keys input
20:29:22.260 INFO  manager.WDListener - Send Keys input
20:29:22.280 INFO  manager.WDListener - Send Keys input
20:29:22.319 INFO  manager.WDListener - After find element By.xpath: //b[text()='Save']
20:29:22.322 INFO  manager.WDListener - Location of element b
20:29:22.332 INFO  manager.WDListener - Before click element --> btext=Save
20:29:22.362 INFO  manager.WDListener - After click element b
20:29:22.362 INFO  manager.WDListener - Before find element By.cssSelector: a.active[href='/add']
20:29:22.379 INFO  manager.WDListener - Houston, we have a problem!
20:29:22.379 INFO  manager.WDListener - +++++++++++++++++++++++++++++++
20:29:22.379 INFO  manager.WDListener - Object target org.openqa.selenium.remote.RemoteWebDriver$RemoteTargetLocator@2361365c
20:29:22.379 INFO  manager.WDListener - +++++++++++++++++++++++++++++++
20:29:22.379 INFO  manager.WDListener - Method name alert
20:29:22.379 INFO  manager.WDListener - +++++++++++++++++++++++++++++++
20:29:22.379 INFO  manager.WDListener - InvocationTargetException org.openqa.selenium.NoAlertPresentException: no such alert
  (Session info: chrome=145.0.7632.116)
Build info: version: '4.26.0', revision: '8ccf0219d7'
System info: os.name: 'Windows 11', os.arch: 'amd64', os.version: '10.0', java.version: '17.0.12'
Driver info: org.openqa.selenium.chrome.ChromeDriver
Command: [011f61a73fbb72e336e5f550740bce9b, getAlertText {}]
Capabilities {acceptInsecureCerts: false, browserName: chrome, browserVersion: 145.0.7632.116, chrome: {chromedriverVersion: 145.0.7632.77 (da516187054a..., userDataDir: C:\Users\np170\AppData\Loca...}, fedcm:accounts: true, goog:chromeOptions: {debuggerAddress: localhost:54838}, goog:processID: 21788, networkConnectionEnabled: false, pageLoadStrategy: normal, platformName: windows, proxy: Proxy(), se:cdp: ws://localhost:54838/devtoo..., se:cdpVersion: 145.0.7632.116, setWindowRect: true, strictFileInteractability: false, timeouts: {implicit: 0, pageLoad: 300000, script: 30000}, unhandledPromptBehavior: dismiss and notify, webauthn:extension:credBlob: true, webauthn:extension:largeBlob: true, webauthn:extension:minPinLength: true, webauthn:extension:prf: true, webauthn:virtualAuthenticators: true}
Session ID: 011f61a73fbb72e336e5f550740bce9b
20:29:22.379 INFO  manager.WDListener - +++++++++++++++++++++++++++++++
20:29:22.379 INFO  manager.WDListener - Screen with error is src/test/screenshots/screen_1866.png
20:29:22.895 INFO  manager.WDListener - Houston, we have a problem!
20:29:22.895 INFO  manager.WDListener - +++++++++++++++++++++++++++++++
20:29:22.895 INFO  manager.WDListener - Object target org.openqa.selenium.remote.RemoteWebDriver$RemoteTargetLocator@56d5460f
20:29:22.895 INFO  manager.WDListener - +++++++++++++++++++++++++++++++
20:29:22.895 INFO  manager.WDListener - Method name alert
20:29:22.895 INFO  manager.WDListener - +++++++++++++++++++++++++++++++
20:29:22.895 INFO  manager.WDListener - InvocationTargetException org.openqa.selenium.NoAlertPresentException: no such alert
  (Session info: chrome=145.0.7632.116)
Build info: version: '4.26.0', revision: '8ccf0219d7'
System info: os.name: 'Windows 11', os.arch: 'amd64', os.version: '10.0', java.version: '17.0.12'
Driver info: org.openqa.selenium.chrome.ChromeDriver
Command: [011f61a73fbb72e336e5f550740bce9b, getAlertText {}]
Capabilities {acceptInsecureCerts: false, browserName: chrome, browserVersion: 145.0.7632.116, chrome: {chromedriverVersion: 145.0.7632.77 (da516187054a..., userDataDir: C:\Users\np170\AppData\Loca...}, fedcm:accounts: true, goog:chromeOptions: {debuggerAddress: localhost:54838}, goog:processID: 21788, networkConnectionEnabled: false, pageLoadStrategy: normal, platformName: windows, proxy: Proxy(), se:cdp: ws://localhost:54838/devtoo..., se:cdpVersion: 145.0.7632.116, setWindowRect: true, strictFileInteractability: false, timeouts: {implicit: 0, pageLoad: 300000, script: 30000}, unhandledPromptBehavior: dismiss and notify, webauthn:extension:credBlob: true, webauthn:extension:largeBlob: true, webauthn:extension:minPinLength: true, webauthn:extension:prf: true, webauthn:virtualAuthenticators: true}
Session ID: 011f61a73fbb72e336e5f550740bce9b
20:29:22.895 INFO  manager.WDListener - +++++++++++++++++++++++++++++++
20:29:22.895 INFO  manager.WDListener - Screen with error is src/test/screenshots/screen_1427.png
20:29:23.409 INFO  manager.WDListener - Houston, we have a problem!
20:29:23.409 INFO  manager.WDListener - +++++++++++++++++++++++++++++++
20:29:23.409 INFO  manager.WDListener - Object target org.openqa.selenium.remote.RemoteWebDriver$RemoteTargetLocator@2066e897
20:29:23.409 INFO  manager.WDListener - +++++++++++++++++++++++++++++++
20:29:23.409 INFO  manager.WDListener - Method name alert
20:29:23.409 INFO  manager.WDListener - +++++++++++++++++++++++++++++++
20:29:23.410 INFO  manager.WDListener - InvocationTargetException org.openqa.selenium.NoAlertPresentException: no such alert
  (Session info: chrome=145.0.7632.116)
Build info: version: '4.26.0', revision: '8ccf0219d7'
System info: os.name: 'Windows 11', os.arch: 'amd64', os.version: '10.0', java.version: '17.0.12'
Driver info: org.openqa.selenium.chrome.ChromeDriver
Command: [011f61a73fbb72e336e5f550740bce9b, getAlertText {}]
Capabilities {acceptInsecureCerts: false, browserName: chrome, browserVersion: 145.0.7632.116, chrome: {chromedriverVersion: 145.0.7632.77 (da516187054a..., userDataDir: C:\Users\np170\AppData\Loca...}, fedcm:accounts: true, goog:chromeOptions: {debuggerAddress: localhost:54838}, goog:processID: 21788, networkConnectionEnabled: false, pageLoadStrategy: normal, platformName: windows, proxy: Proxy(), se:cdp: ws://localhost:54838/devtoo..., se:cdpVersion: 145.0.7632.116, setWindowRect: true, strictFileInteractability: false, timeouts: {implicit: 0, pageLoad: 300000, script: 30000}, unhandledPromptBehavior: dismiss and notify, webauthn:extension:credBlob: true, webauthn:extension:largeBlob: true, webauthn:extension:minPinLength: true, webauthn:extension:prf: true, webauthn:virtualAuthenticators: true}
Session ID: 011f61a73fbb72e336e5f550740bce9b
20:29:23.410 INFO  manager.WDListener - +++++++++++++++++++++++++++++++
20:29:23.410 INFO  manager.WDListener - Screen with error is src/test/screenshots/screen_1534.png
20:29:23.936 INFO  manager.WDListener - Houston, we have a problem!
20:29:23.937 INFO  manager.WDListener - +++++++++++++++++++++++++++++++
20:29:23.937 INFO  manager.WDListener - Object target org.openqa.selenium.remote.RemoteWebDriver$RemoteTargetLocator@6b899971
20:29:23.937 INFO  manager.WDListener - +++++++++++++++++++++++++++++++
20:29:23.937 INFO  manager.WDListener - Method name alert
20:29:23.937 INFO  manager.WDListener - +++++++++++++++++++++++++++++++
20:29:23.937 INFO  manager.WDListener - InvocationTargetException org.openqa.selenium.NoAlertPresentException: no such alert
  (Session info: chrome=145.0.7632.116)
Build info: version: '4.26.0', revision: '8ccf0219d7'
System info: os.name: 'Windows 11', os.arch: 'amd64', os.version: '10.0', java.version: '17.0.12'
Driver info: org.openqa.selenium.chrome.ChromeDriver
Command: [011f61a73fbb72e336e5f550740bce9b, getAlertText {}]
Capabilities {acceptInsecureCerts: false, browserName: chrome, browserVersion: 145.0.7632.116, chrome: {chromedriverVersion: 145.0.7632.77 (da516187054a..., userDataDir: C:\Users\np170\AppData\Loca...}, fedcm:accounts: true, goog:chromeOptions: {debuggerAddress: localhost:54838}, goog:processID: 21788, networkConnectionEnabled: false, pageLoadStrategy: normal, platformName: windows, proxy: Proxy(), se:cdp: ws://localhost:54838/devtoo..., se:cdpVersion: 145.0.7632.116, setWindowRect: true, strictFileInteractability: false, timeouts: {implicit: 0, pageLoad: 300000, script: 30000}, unhandledPromptBehavior: dismiss and notify, webauthn:extension:credBlob: true, webauthn:extension:largeBlob: true, webauthn:extension:minPinLength: true, webauthn:extension:prf: true, webauthn:virtualAuthenticators: true}
Session ID: 011f61a73fbb72e336e5f550740bce9b
20:29:23.938 INFO  manager.WDListener - +++++++++++++++++++++++++++++++
20:29:23.938 INFO  manager.WDListener - Screen with error is src/test/screenshots/screen_1439.png
20:29:24.450 INFO  manager.WDListener - Houston, we have a problem!
20:29:24.450 INFO  manager.WDListener - +++++++++++++++++++++++++++++++
20:29:24.450 INFO  manager.WDListener - Object target org.openqa.selenium.remote.RemoteWebDriver$RemoteTargetLocator@24b8a393
20:29:24.451 INFO  manager.WDListener - +++++++++++++++++++++++++++++++
20:29:24.451 INFO  manager.WDListener - Method name alert
20:29:24.451 INFO  manager.WDListener - +++++++++++++++++++++++++++++++
20:29:24.451 INFO  manager.WDListener - InvocationTargetException org.openqa.selenium.NoAlertPresentException: no such alert
  (Session info: chrome=145.0.7632.116)
Build info: version: '4.26.0', revision: '8ccf0219d7'
System info: os.name: 'Windows 11', os.arch: 'amd64', os.version: '10.0', java.version: '17.0.12'
Driver info: org.openqa.selenium.chrome.ChromeDriver
Command: [011f61a73fbb72e336e5f550740bce9b, getAlertText {}]
Capabilities {acceptInsecureCerts: false, browserName: chrome, browserVersion: 145.0.7632.116, chrome: {chromedriverVersion: 145.0.7632.77 (da516187054a..., userDataDir: C:\Users\np170\AppData\Loca...}, fedcm:accounts: true, goog:chromeOptions: {debuggerAddress: localhost:54838}, goog:processID: 21788, networkConnectionEnabled: false, pageLoadStrategy: normal, platformName: windows, proxy: Proxy(), se:cdp: ws://localhost:54838/devtoo..., se:cdpVersion: 145.0.7632.116, setWindowRect: true, strictFileInteractability: false, timeouts: {implicit: 0, pageLoad: 300000, script: 30000}, unhandledPromptBehavior: dismiss and notify, webauthn:extension:credBlob: true, webauthn:extension:largeBlob: true, webauthn:extension:minPinLength: true, webauthn:extension:prf: true, webauthn:virtualAuthenticators: true}
Session ID: 011f61a73fbb72e336e5f550740bce9b
20:29:24.451 INFO  manager.WDListener - +++++++++++++++++++++++++++++++
20:29:24.451 INFO  manager.WDListener - Screen with error is src/test/screenshots/screen_1874.png
20:29:24.983 INFO  manager.WDListener - Houston, we have a problem!
20:29:24.983 INFO  manager.WDListener - +++++++++++++++++++++++++++++++
20:29:24.983 INFO  manager.WDListener - Object target org.openqa.selenium.remote.RemoteWebDriver$RemoteTargetLocator@44c27b8b
20:29:24.983 INFO  manager.WDListener - +++++++++++++++++++++++++++++++
20:29:24.983 INFO  manager.WDListener - Method name alert
20:29:24.983 INFO  manager.WDListener - +++++++++++++++++++++++++++++++
20:29:24.983 INFO  manager.WDListener - InvocationTargetException org.openqa.selenium.NoAlertPresentException: no such alert
  (Session info: chrome=145.0.7632.116)
Build info: version: '4.26.0', revision: '8ccf0219d7'
System info: os.name: 'Windows 11', os.arch: 'amd64', os.version: '10.0', java.version: '17.0.12'
Driver info: org.openqa.selenium.chrome.ChromeDriver
Command: [011f61a73fbb72e336e5f550740bce9b, getAlertText {}]
Capabilities {acceptInsecureCerts: false, browserName: chrome, browserVersion: 145.0.7632.116, chrome: {chromedriverVersion: 145.0.7632.77 (da516187054a..., userDataDir: C:\Users\np170\AppData\Loca...}, fedcm:accounts: true, goog:chromeOptions: {debuggerAddress: localhost:54838}, goog:processID: 21788, networkConnectionEnabled: false, pageLoadStrategy: normal, platformName: windows, proxy: Proxy(), se:cdp: ws://localhost:54838/devtoo..., se:cdpVersion: 145.0.7632.116, setWindowRect: true, strictFileInteractability: false, timeouts: {implicit: 0, pageLoad: 300000, script: 30000}, unhandledPromptBehavior: dismiss and notify, webauthn:extension:credBlob: true, webauthn:extension:largeBlob: true, webauthn:extension:minPinLength: true, webauthn:extension:prf: true, webauthn:virtualAuthenticators: true}
Session ID: 011f61a73fbb72e336e5f550740bce9b
20:29:24.984 INFO  manager.WDListener - +++++++++++++++++++++++++++++++
20:29:24.984 INFO  manager.WDListener - Screen with error is src/test/screenshots/screen_1248.png
20:29:25.496 INFO  manager.WDListener - Houston, we have a problem!
20:29:25.496 INFO  manager.WDListener - +++++++++++++++++++++++++++++++
20:29:25.497 INFO  manager.WDListener - Object target org.openqa.selenium.remote.RemoteWebDriver$RemoteTargetLocator@dd9de63
20:29:25.497 INFO  manager.WDListener - +++++++++++++++++++++++++++++++
20:29:25.497 INFO  manager.WDListener - Method name alert
20:29:25.497 INFO  manager.WDListener - +++++++++++++++++++++++++++++++
20:29:25.497 INFO  manager.WDListener - InvocationTargetException org.openqa.selenium.NoAlertPresentException: no such alert
  (Session info: chrome=145.0.7632.116)
Build info: version: '4.26.0', revision: '8ccf0219d7'
System info: os.name: 'Windows 11', os.arch: 'amd64', os.version: '10.0', java.version: '17.0.12'
Driver info: org.openqa.selenium.chrome.ChromeDriver
Command: [011f61a73fbb72e336e5f550740bce9b, getAlertText {}]
Capabilities {acceptInsecureCerts: false, browserName: chrome, browserVersion: 145.0.7632.116, chrome: {chromedriverVersion: 145.0.7632.77 (da516187054a..., userDataDir: C:\Users\np170\AppData\Loca...}, fedcm:accounts: true, goog:chromeOptions: {debuggerAddress: localhost:54838}, goog:processID: 21788, networkConnectionEnabled: false, pageLoadStrategy: normal, platformName: windows, proxy: Proxy(), se:cdp: ws://localhost:54838/devtoo..., se:cdpVersion: 145.0.7632.116, setWindowRect: true, strictFileInteractability: false, timeouts: {implicit: 0, pageLoad: 300000, script: 30000}, unhandledPromptBehavior: dismiss and notify, webauthn:extension:credBlob: true, webauthn:extension:largeBlob: true, webauthn:extension:minPinLength: true, webauthn:extension:prf: true, webauthn:virtualAuthenticators: true}
Session ID: 011f61a73fbb72e336e5f550740bce9b
20:29:25.497 INFO  manager.WDListener - +++++++++++++++++++++++++++++++
20:29:25.497 INFO  manager.WDListener - Screen with error is src/test/screenshots/screen_1637.png
20:29:26.009 INFO  manager.WDListener - Houston, we have a problem!
20:29:26.009 INFO  manager.WDListener - +++++++++++++++++++++++++++++++
20:29:26.009 INFO  manager.WDListener - Object target org.openqa.selenium.remote.RemoteWebDriver$RemoteTargetLocator@37c74e4e
20:29:26.009 INFO  manager.WDListener - +++++++++++++++++++++++++++++++
20:29:26.009 INFO  manager.WDListener - Method name alert
20:29:26.009 INFO  manager.WDListener - +++++++++++++++++++++++++++++++
20:29:26.009 INFO  manager.WDListener - InvocationTargetException org.openqa.selenium.NoAlertPresentException: no such alert
  (Session info: chrome=145.0.7632.116)
Build info: version: '4.26.0', revision: '8ccf0219d7'
System info: os.name: 'Windows 11', os.arch: 'amd64', os.version: '10.0', java.version: '17.0.12'
Driver info: org.openqa.selenium.chrome.ChromeDriver
Command: [011f61a73fbb72e336e5f550740bce9b, getAlertText {}]
Capabilities {acceptInsecureCerts: false, browserName: chrome, browserVersion: 145.0.7632.116, chrome: {chromedriverVersion: 145.0.7632.77 (da516187054a..., userDataDir: C:\Users\np170\AppData\Loca...}, fedcm:accounts: true, goog:chromeOptions: {debuggerAddress: localhost:54838}, goog:processID: 21788, networkConnectionEnabled: false, pageLoadStrategy: normal, platformName: windows, proxy: Proxy(), se:cdp: ws://localhost:54838/devtoo..., se:cdpVersion: 145.0.7632.116, setWindowRect: true, strictFileInteractability: false, timeouts: {implicit: 0, pageLoad: 300000, script: 30000}, unhandledPromptBehavior: dismiss and notify, webauthn:extension:credBlob: true, webauthn:extension:largeBlob: true, webauthn:extension:minPinLength: true, webauthn:extension:prf: true, webauthn:virtualAuthenticators: true}
Session ID: 011f61a73fbb72e336e5f550740bce9b
20:29:26.009 INFO  manager.WDListener - +++++++++++++++++++++++++++++++
20:29:26.009 INFO  manager.WDListener - Screen with error is src/test/screenshots/screen_1483.png
20:29:26.526 INFO  manager.WDListener - Houston, we have a problem!
20:29:26.526 INFO  manager.WDListener - +++++++++++++++++++++++++++++++
20:29:26.527 INFO  manager.WDListener - Object target org.openqa.selenium.remote.RemoteWebDriver$RemoteTargetLocator@3458dab6
20:29:26.527 INFO  manager.WDListener - +++++++++++++++++++++++++++++++
20:29:26.527 INFO  manager.WDListener - Method name alert
20:29:26.527 INFO  manager.WDListener - +++++++++++++++++++++++++++++++
20:29:26.527 INFO  manager.WDListener - InvocationTargetException org.openqa.selenium.NoAlertPresentException: no such alert
  (Session info: chrome=145.0.7632.116)
Build info: version: '4.26.0', revision: '8ccf0219d7'
System info: os.name: 'Windows 11', os.arch: 'amd64', os.version: '10.0', java.version: '17.0.12'
Driver info: org.openqa.selenium.chrome.ChromeDriver
Command: [011f61a73fbb72e336e5f550740bce9b, getAlertText {}]
Capabilities {acceptInsecureCerts: false, browserName: chrome, browserVersion: 145.0.7632.116, chrome: {chromedriverVersion: 145.0.7632.77 (da516187054a..., userDataDir: C:\Users\np170\AppData\Loca...}, fedcm:accounts: true, goog:chromeOptions: {debuggerAddress: localhost:54838}, goog:processID: 21788, networkConnectionEnabled: false, pageLoadStrategy: normal, platformName: windows, proxy: Proxy(), se:cdp: ws://localhost:54838/devtoo..., se:cdpVersion: 145.0.7632.116, setWindowRect: true, strictFileInteractability: false, timeouts: {implicit: 0, pageLoad: 300000, script: 30000}, unhandledPromptBehavior: dismiss and notify, webauthn:extension:credBlob: true, webauthn:extension:largeBlob: true, webauthn:extension:minPinLength: true, webauthn:extension:prf: true, webauthn:virtualAuthenticators: true}
Session ID: 011f61a73fbb72e336e5f550740bce9b
20:29:26.528 INFO  manager.WDListener - +++++++++++++++++++++++++++++++
20:29:26.528 INFO  manager.WDListener - Screen with error is src/test/screenshots/screen_1752.png
20:29:27.043 INFO  manager.WDListener - Houston, we have a problem!
20:29:27.043 INFO  manager.WDListener - +++++++++++++++++++++++++++++++
20:29:27.043 INFO  manager.WDListener - Object target org.openqa.selenium.remote.RemoteWebDriver$RemoteTargetLocator@d08f85a
20:29:27.043 INFO  manager.WDListener - +++++++++++++++++++++++++++++++
20:29:27.043 INFO  manager.WDListener - Method name alert
20:29:27.043 INFO  manager.WDListener - +++++++++++++++++++++++++++++++
20:29:27.043 INFO  manager.WDListener - InvocationTargetException org.openqa.selenium.NoAlertPresentException: no such alert
  (Session info: chrome=145.0.7632.116)
Build info: version: '4.26.0', revision: '8ccf0219d7'
System info: os.name: 'Windows 11', os.arch: 'amd64', os.version: '10.0', java.version: '17.0.12'
Driver info: org.openqa.selenium.chrome.ChromeDriver
Command: [011f61a73fbb72e336e5f550740bce9b, getAlertText {}]
Capabilities {acceptInsecureCerts: false, browserName: chrome, browserVersion: 145.0.7632.116, chrome: {chromedriverVersion: 145.0.7632.77 (da516187054a..., userDataDir: C:\Users\np170\AppData\Loca...}, fedcm:accounts: true, goog:chromeOptions: {debuggerAddress: localhost:54838}, goog:processID: 21788, networkConnectionEnabled: false, pageLoadStrategy: normal, platformName: windows, proxy: Proxy(), se:cdp: ws://localhost:54838/devtoo..., se:cdpVersion: 145.0.7632.116, setWindowRect: true, strictFileInteractability: false, timeouts: {implicit: 0, pageLoad: 300000, script: 30000}, unhandledPromptBehavior: dismiss and notify, webauthn:extension:credBlob: true, webauthn:extension:largeBlob: true, webauthn:extension:minPinLength: true, webauthn:extension:prf: true, webauthn:virtualAuthenticators: true}
Session ID: 011f61a73fbb72e336e5f550740bce9b
20:29:27.043 INFO  manager.WDListener - +++++++++++++++++++++++++++++++
20:29:27.043 INFO  manager.WDListener - Screen with error is src/test/screenshots/screen_1196.png
20:29:27.564 INFO  manager.WDListener - Houston, we have a problem!
20:29:27.564 INFO  manager.WDListener - +++++++++++++++++++++++++++++++
20:29:27.564 INFO  manager.WDListener - Object target org.openqa.selenium.remote.RemoteWebDriver$RemoteTargetLocator@24955144
20:29:27.565 INFO  manager.WDListener - +++++++++++++++++++++++++++++++
20:29:27.565 INFO  manager.WDListener - Method name alert
20:29:27.565 INFO  manager.WDListener - +++++++++++++++++++++++++++++++
20:29:27.565 INFO  manager.WDListener - InvocationTargetException org.openqa.selenium.NoAlertPresentException: no such alert
  (Session info: chrome=145.0.7632.116)
Build info: version: '4.26.0', revision: '8ccf0219d7'
System info: os.name: 'Windows 11', os.arch: 'amd64', os.version: '10.0', java.version: '17.0.12'
Driver info: org.openqa.selenium.chrome.ChromeDriver
Command: [011f61a73fbb72e336e5f550740bce9b, getAlertText {}]
Capabilities {acceptInsecureCerts: false, browserName: chrome, browserVersion: 145.0.7632.116, chrome: {chromedriverVersion: 145.0.7632.77 (da516187054a..., userDataDir: C:\Users\np170\AppData\Loca...}, fedcm:accounts: true, goog:chromeOptions: {debuggerAddress: localhost:54838}, goog:processID: 21788, networkConnectionEnabled: false, pageLoadStrategy: normal, platformName: windows, proxy: Proxy(), se:cdp: ws://localhost:54838/devtoo..., se:cdpVersion: 145.0.7632.116, setWindowRect: true, strictFileInteractability: false, timeouts: {implicit: 0, pageLoad: 300000, script: 30000}, unhandledPromptBehavior: dismiss and notify, webauthn:extension:credBlob: true, webauthn:extension:largeBlob: true, webauthn:extension:minPinLength: true, webauthn:extension:prf: true, webauthn:virtualAuthenticators: true}
Session ID: 011f61a73fbb72e336e5f550740bce9b
20:29:27.566 INFO  manager.WDListener - +++++++++++++++++++++++++++++++
20:29:27.566 INFO  manager.WDListener - Screen with error is src/test/screenshots/screen_1147.png
20:29:28.077 INFO  manager.WDListener - Houston, we have a problem!
20:29:28.077 INFO  manager.WDListener - +++++++++++++++++++++++++++++++
20:29:28.077 INFO  manager.WDListener - Object target org.openqa.selenium.remote.RemoteWebDriver$RemoteTargetLocator@4acc27fd
20:29:28.077 INFO  manager.WDListener - +++++++++++++++++++++++++++++++
20:29:28.077 INFO  manager.WDListener - Method name alert
20:29:28.077 INFO  manager.WDListener - +++++++++++++++++++++++++++++++
20:29:28.078 INFO  manager.WDListener - InvocationTargetException org.openqa.selenium.NoAlertPresentException: no such alert
  (Session info: chrome=145.0.7632.116)
Build info: version: '4.26.0', revision: '8ccf0219d7'
System info: os.name: 'Windows 11', os.arch: 'amd64', os.version: '10.0', java.version: '17.0.12'
Driver info: org.openqa.selenium.chrome.ChromeDriver
Command: [011f61a73fbb72e336e5f550740bce9b, getAlertText {}]
Capabilities {acceptInsecureCerts: false, browserName: chrome, browserVersion: 145.0.7632.116, chrome: {chromedriverVersion: 145.0.7632.77 (da516187054a..., userDataDir: C:\Users\np170\AppData\Loca...}, fedcm:accounts: true, goog:chromeOptions: {debuggerAddress: localhost:54838}, goog:processID: 21788, networkConnectionEnabled: false, pageLoadStrategy: normal, platformName: windows, proxy: Proxy(), se:cdp: ws://localhost:54838/devtoo..., se:cdpVersion: 145.0.7632.116, setWindowRect: true, strictFileInteractability: false, timeouts: {implicit: 0, pageLoad: 300000, script: 30000}, unhandledPromptBehavior: dismiss and notify, webauthn:extension:credBlob: true, webauthn:extension:largeBlob: true, webauthn:extension:minPinLength: true, webauthn:extension:prf: true, webauthn:virtualAuthenticators: true}
Session ID: 011f61a73fbb72e336e5f550740bce9b
20:29:28.078 INFO  manager.WDListener - +++++++++++++++++++++++++++++++
20:29:28.078 INFO  manager.WDListener - Screen with error is src/test/screenshots/screen_1215.png
20:29:28.598 INFO  manager.WDListener - Houston, we have a problem!
20:29:28.598 INFO  manager.WDListener - +++++++++++++++++++++++++++++++
20:29:28.598 INFO  manager.WDListener - Object target org.openqa.selenium.remote.RemoteWebDriver$RemoteTargetLocator@7535f28
20:29:28.598 INFO  manager.WDListener - +++++++++++++++++++++++++++++++
20:29:28.598 INFO  manager.WDListener - Method name alert
20:29:28.598 INFO  manager.WDListener - +++++++++++++++++++++++++++++++
20:29:28.599 INFO  manager.WDListener - InvocationTargetException org.openqa.selenium.NoAlertPresentException: no such alert
  (Session info: chrome=145.0.7632.116)
Build info: version: '4.26.0', revision: '8ccf0219d7'
System info: os.name: 'Windows 11', os.arch: 'amd64', os.version: '10.0', java.version: '17.0.12'
Driver info: org.openqa.selenium.chrome.ChromeDriver
Command: [011f61a73fbb72e336e5f550740bce9b, getAlertText {}]
Capabilities {acceptInsecureCerts: false, browserName: chrome, browserVersion: 145.0.7632.116, chrome: {chromedriverVersion: 145.0.7632.77 (da516187054a..., userDataDir: C:\Users\np170\AppData\Loca...}, fedcm:accounts: true, goog:chromeOptions: {debuggerAddress: localhost:54838}, goog:processID: 21788, networkConnectionEnabled: false, pageLoadStrategy: normal, platformName: windows, proxy: Proxy(), se:cdp: ws://localhost:54838/devtoo..., se:cdpVersion: 145.0.7632.116, setWindowRect: true, strictFileInteractability: false, timeouts: {implicit: 0, pageLoad: 300000, script: 30000}, unhandledPromptBehavior: dismiss and notify, webauthn:extension:credBlob: true, webauthn:extension:largeBlob: true, webauthn:extension:minPinLength: true, webauthn:extension:prf: true, webauthn:virtualAuthenticators: true}
Session ID: 011f61a73fbb72e336e5f550740bce9b
20:29:28.599 INFO  manager.WDListener - +++++++++++++++++++++++++++++++
20:29:28.599 INFO  manager.WDListener - Screen with error is src/test/screenshots/screen_1766.png
20:29:29.144 INFO  manager.WDListener - Houston, we have a problem!
20:29:29.144 INFO  manager.WDListener - +++++++++++++++++++++++++++++++
20:29:29.144 INFO  manager.WDListener - Object target org.openqa.selenium.remote.RemoteWebDriver$RemoteTargetLocator@4d16975b
20:29:29.144 INFO  manager.WDListener - +++++++++++++++++++++++++++++++
20:29:29.144 INFO  manager.WDListener - Method name alert
20:29:29.144 INFO  manager.WDListener - +++++++++++++++++++++++++++++++
20:29:29.145 INFO  manager.WDListener - InvocationTargetException org.openqa.selenium.NoAlertPresentException: no such alert
  (Session info: chrome=145.0.7632.116)
Build info: version: '4.26.0', revision: '8ccf0219d7'
System info: os.name: 'Windows 11', os.arch: 'amd64', os.version: '10.0', java.version: '17.0.12'
Driver info: org.openqa.selenium.chrome.ChromeDriver
Command: [011f61a73fbb72e336e5f550740bce9b, getAlertText {}]
Capabilities {acceptInsecureCerts: false, browserName: chrome, browserVersion: 145.0.7632.116, chrome: {chromedriverVersion: 145.0.7632.77 (da516187054a..., userDataDir: C:\Users\np170\AppData\Loca...}, fedcm:accounts: true, goog:chromeOptions: {debuggerAddress: localhost:54838}, goog:processID: 21788, networkConnectionEnabled: false, pageLoadStrategy: normal, platformName: windows, proxy: Proxy(), se:cdp: ws://localhost:54838/devtoo..., se:cdpVersion: 145.0.7632.116, setWindowRect: true, strictFileInteractability: false, timeouts: {implicit: 0, pageLoad: 300000, script: 30000}, unhandledPromptBehavior: dismiss and notify, webauthn:extension:credBlob: true, webauthn:extension:largeBlob: true, webauthn:extension:minPinLength: true, webauthn:extension:prf: true, webauthn:virtualAuthenticators: true}
Session ID: 011f61a73fbb72e336e5f550740bce9b
20:29:29.145 INFO  manager.WDListener - +++++++++++++++++++++++++++++++
20:29:29.145 INFO  manager.WDListener - Screen with error is src/test/screenshots/screen_1536.png
20:29:29.699 INFO  manager.WDListener - Houston, we have a problem!
20:29:29.699 INFO  manager.WDListener - +++++++++++++++++++++++++++++++
20:29:29.699 INFO  manager.WDListener - Object target org.openqa.selenium.remote.RemoteWebDriver$RemoteTargetLocator@1786150f
20:29:29.699 INFO  manager.WDListener - +++++++++++++++++++++++++++++++
20:29:29.699 INFO  manager.WDListener - Method name alert
20:29:29.699 INFO  manager.WDListener - +++++++++++++++++++++++++++++++
20:29:29.700 INFO  manager.WDListener - InvocationTargetException org.openqa.selenium.NoAlertPresentException: no such alert
  (Session info: chrome=145.0.7632.116)
Build info: version: '4.26.0', revision: '8ccf0219d7'
System info: os.name: 'Windows 11', os.arch: 'amd64', os.version: '10.0', java.version: '17.0.12'
Driver info: org.openqa.selenium.chrome.ChromeDriver
Command: [011f61a73fbb72e336e5f550740bce9b, getAlertText {}]
Capabilities {acceptInsecureCerts: false, browserName: chrome, browserVersion: 145.0.7632.116, chrome: {chromedriverVersion: 145.0.7632.77 (da516187054a..., userDataDir: C:\Users\np170\AppData\Loca...}, fedcm:accounts: true, goog:chromeOptions: {debuggerAddress: localhost:54838}, goog:processID: 21788, networkConnectionEnabled: false, pageLoadStrategy: normal, platformName: windows, proxy: Proxy(), se:cdp: ws://localhost:54838/devtoo..., se:cdpVersion: 145.0.7632.116, setWindowRect: true, strictFileInteractability: false, timeouts: {implicit: 0, pageLoad: 300000, script: 30000}, unhandledPromptBehavior: dismiss and notify, webauthn:extension:credBlob: true, webauthn:extension:largeBlob: true, webauthn:extension:minPinLength: true, webauthn:extension:prf: true, webauthn:virtualAuthenticators: true}
Session ID: 011f61a73fbb72e336e5f550740bce9b
20:29:29.700 INFO  manager.WDListener - +++++++++++++++++++++++++++++++
20:29:29.700 INFO  manager.WDListener - Screen with error is src/test/screenshots/screen_1143.png
20:29:30.267 INFO  manager.TestNGListener - Start test addNewContactWrongPhone=================
20:29:30.268 INFO  tests.TestBase - +++++++++++++++++++++++++++++++
20:29:30.268 INFO  tests.TestBase - Name of method -->addNewContactWrongPhone
20:29:30.269 INFO  manager.TestNGListener - Start test addNewContactWrongPhone=================
20:29:30.288 INFO  manager.WDListener - After find element By.xpath: //*[@href='/add']
20:29:30.331 INFO  manager.WDListener - Location of element a
20:29:30.365 INFO  manager.WDListener - Before click element --> atext=ADD
20:29:30.447 INFO  manager.WDListener - After click element a
20:29:30.464 INFO  manager.WDListener - After find element By.xpath: //input[@placeholder='Name']
20:29:30.474 INFO  manager.WDListener - Location of element input
20:29:30.497 INFO  manager.WDListener - Before click element --> inputtext=
20:29:30.595 INFO  manager.WDListener - After click element input
20:29:30.659 INFO  manager.WDListener - Send Keys input
20:29:30.744 INFO  manager.WDListener - Send Keys input
20:29:30.808 INFO  manager.WDListener - Send Keys input
20:29:30.871 INFO  manager.WDListener - After find element By.xpath: //input[@placeholder='Last Name']
20:29:30.880 INFO  manager.WDListener - Location of element input
20:29:30.903 INFO  manager.WDListener - Before click element --> inputtext=
20:29:31.038 INFO  manager.WDListener - After click element input
20:29:31.098 INFO  manager.WDListener - Send Keys input
20:29:31.179 INFO  manager.WDListener - Send Keys input
20:29:31.229 INFO  manager.WDListener - Send Keys input
20:29:31.303 INFO  manager.WDListener - After find element By.xpath: //input[@placeholder='Phone']
20:29:31.314 INFO  manager.WDListener - Location of element input
20:29:31.336 INFO  manager.WDListener - Before click element --> inputtext=
20:29:31.422 INFO  manager.WDListener - After click element input
20:29:31.469 INFO  manager.WDListener - Send Keys input
20:29:31.537 INFO  manager.WDListener - Send Keys input
20:29:31.588 INFO  manager.WDListener - Send Keys input
20:29:31.658 INFO  manager.WDListener - After find element By.xpath: //input[@placeholder='email']
20:29:31.666 INFO  manager.WDListener - Location of element input
20:29:31.686 INFO  manager.WDListener - Before click element --> inputtext=
20:29:31.770 INFO  manager.WDListener - After click element input
20:29:31.821 INFO  manager.WDListener - Send Keys input
20:29:31.880 INFO  manager.WDListener - Send Keys input
20:29:31.913 INFO  manager.WDListener - Send Keys input
20:29:31.971 INFO  manager.WDListener - After find element By.xpath: //input[@placeholder='Address']
20:29:31.978 INFO  manager.WDListener - Location of element input
20:29:31.994 INFO  manager.WDListener - Before click element --> inputtext=
20:29:32.066 INFO  manager.WDListener - After click element input
20:29:32.100 INFO  manager.WDListener - Send Keys input
20:29:32.155 INFO  manager.WDListener - Send Keys input
20:29:32.196 INFO  manager.WDListener - Send Keys input
20:29:32.253 INFO  manager.WDListener - After find element By.xpath: //input[@placeholder='description']
20:29:32.260 INFO  manager.WDListener - Location of element input
20:29:32.276 INFO  manager.WDListener - Before click element --> inputtext=
20:29:32.391 INFO  manager.WDListener - After click element input
20:29:32.444 INFO  manager.WDListener - Send Keys input
20:29:32.504 INFO  manager.WDListener - Send Keys input
20:29:32.546 INFO  manager.WDListener - Send Keys input
20:29:32.612 INFO  manager.WDListener - After find element By.xpath: //b[text()='Save']
20:29:32.623 INFO  manager.WDListener - Location of element b
20:29:32.647 INFO  manager.WDListener - Before click element --> btext=Save
20:29:32.736 INFO  manager.WDListener - After click element b
20:29:32.736 INFO  manager.WDListener - Before find element By.cssSelector: a.active[href='/add']
20:29:32.762 INFO  manager.WDListener - Houston, we have a problem!
20:29:32.762 INFO  manager.WDListener - +++++++++++++++++++++++++++++++
20:29:32.763 INFO  manager.WDListener - Object target org.openqa.selenium.remote.RemoteWebDriver$RemoteTargetLocator@10ad95cd
20:29:32.763 INFO  manager.WDListener - +++++++++++++++++++++++++++++++
20:29:32.763 INFO  manager.WDListener - Method name alert
20:29:32.763 INFO  manager.WDListener - +++++++++++++++++++++++++++++++
20:29:32.763 INFO  manager.WDListener - InvocationTargetException org.openqa.selenium.NoAlertPresentException: no such alert
  (Session info: chrome=145.0.7632.116)
Build info: version: '4.26.0', revision: '8ccf0219d7'
System info: os.name: 'Windows 11', os.arch: 'amd64', os.version: '10.0', java.version: '17.0.12'
Driver info: org.openqa.selenium.chrome.ChromeDriver
Command: [011f61a73fbb72e336e5f550740bce9b, getAlertText {}]
Capabilities {acceptInsecureCerts: false, browserName: chrome, browserVersion: 145.0.7632.116, chrome: {chromedriverVersion: 145.0.7632.77 (da516187054a..., userDataDir: C:\Users\np170\AppData\Loca...}, fedcm:accounts: true, goog:chromeOptions: {debuggerAddress: localhost:54838}, goog:processID: 21788, networkConnectionEnabled: false, pageLoadStrategy: normal, platformName: windows, proxy: Proxy(), se:cdp: ws://localhost:54838/devtoo..., se:cdpVersion: 145.0.7632.116, setWindowRect: true, strictFileInteractability: false, timeouts: {implicit: 0, pageLoad: 300000, script: 30000}, unhandledPromptBehavior: dismiss and notify, webauthn:extension:credBlob: true, webauthn:extension:largeBlob: true, webauthn:extension:minPinLength: true, webauthn:extension:prf: true, webauthn:virtualAuthenticators: true}
Session ID: 011f61a73fbb72e336e5f550740bce9b
20:29:32.763 INFO  manager.WDListener - +++++++++++++++++++++++++++++++
20:29:32.763 INFO  manager.WDListener - Screen with error is src/test/screenshots/screen_1191.png
20:29:33.286 INFO  manager.WDListener - Houston, we have a problem!
20:29:33.286 INFO  manager.WDListener - +++++++++++++++++++++++++++++++
20:29:33.286 INFO  manager.WDListener - Object target org.openqa.selenium.remote.RemoteWebDriver$RemoteTargetLocator@13f182b9
20:29:33.286 INFO  manager.WDListener - +++++++++++++++++++++++++++++++
20:29:33.286 INFO  manager.WDListener - Method name alert
20:29:33.286 INFO  manager.WDListener - +++++++++++++++++++++++++++++++
20:29:33.286 INFO  manager.WDListener - InvocationTargetException org.openqa.selenium.NoAlertPresentException: no such alert
  (Session info: chrome=145.0.7632.116)
Build info: version: '4.26.0', revision: '8ccf0219d7'
System info: os.name: 'Windows 11', os.arch: 'amd64', os.version: '10.0', java.version: '17.0.12'
Driver info: org.openqa.selenium.chrome.ChromeDriver
Command: [011f61a73fbb72e336e5f550740bce9b, getAlertText {}]
Capabilities {acceptInsecureCerts: false, browserName: chrome, browserVersion: 145.0.7632.116, chrome: {chromedriverVersion: 145.0.7632.77 (da516187054a..., userDataDir: C:\Users\np170\AppData\Loca...}, fedcm:accounts: true, goog:chromeOptions: {debuggerAddress: localhost:54838}, goog:processID: 21788, networkConnectionEnabled: false, pageLoadStrategy: normal, platformName: windows, proxy: Proxy(), se:cdp: ws://localhost:54838/devtoo..., se:cdpVersion: 145.0.7632.116, setWindowRect: true, strictFileInteractability: false, timeouts: {implicit: 0, pageLoad: 300000, script: 30000}, unhandledPromptBehavior: dismiss and notify, webauthn:extension:credBlob: true, webauthn:extension:largeBlob: true, webauthn:extension:minPinLength: true, webauthn:extension:prf: true, webauthn:virtualAuthenticators: true}
Session ID: 011f61a73fbb72e336e5f550740bce9b
20:29:33.286 INFO  manager.WDListener - +++++++++++++++++++++++++++++++
20:29:33.286 INFO  manager.WDListener - Screen with error is src/test/screenshots/screen_1943.png
20:29:33.794 INFO  manager.WDListener - Houston, we have a problem!
20:29:33.794 INFO  manager.WDListener - +++++++++++++++++++++++++++++++
20:29:33.794 INFO  manager.WDListener - Object target org.openqa.selenium.remote.RemoteWebDriver$RemoteTargetLocator@7cbede2b
20:29:33.794 INFO  manager.WDListener - +++++++++++++++++++++++++++++++
20:29:33.794 INFO  manager.WDListener - Method name alert
20:29:33.794 INFO  manager.WDListener - +++++++++++++++++++++++++++++++
20:29:33.795 INFO  manager.WDListener - InvocationTargetException org.openqa.selenium.NoAlertPresentException: no such alert
  (Session info: chrome=145.0.7632.116)
Build info: version: '4.26.0', revision: '8ccf0219d7'
System info: os.name: 'Windows 11', os.arch: 'amd64', os.version: '10.0', java.version: '17.0.12'
Driver info: org.openqa.selenium.chrome.ChromeDriver
Command: [011f61a73fbb72e336e5f550740bce9b, getAlertText {}]
Capabilities {acceptInsecureCerts: false, browserName: chrome, browserVersion: 145.0.7632.116, chrome: {chromedriverVersion: 145.0.7632.77 (da516187054a..., userDataDir: C:\Users\np170\AppData\Loca...}, fedcm:accounts: true, goog:chromeOptions: {debuggerAddress: localhost:54838}, goog:processID: 21788, networkConnectionEnabled: false, pageLoadStrategy: normal, platformName: windows, proxy: Proxy(), se:cdp: ws://localhost:54838/devtoo..., se:cdpVersion: 145.0.7632.116, setWindowRect: true, strictFileInteractability: false, timeouts: {implicit: 0, pageLoad: 300000, script: 30000}, unhandledPromptBehavior: dismiss and notify, webauthn:extension:credBlob: true, webauthn:extension:largeBlob: true, webauthn:extension:minPinLength: true, webauthn:extension:prf: true, webauthn:virtualAuthenticators: true}
Session ID: 011f61a73fbb72e336e5f550740bce9b
20:29:33.795 INFO  manager.WDListener - +++++++++++++++++++++++++++++++
20:29:33.795 INFO  manager.WDListener - Screen with error is src/test/screenshots/screen_1121.png
20:29:34.314 INFO  manager.WDListener - Houston, we have a problem!
20:29:34.314 INFO  manager.WDListener - +++++++++++++++++++++++++++++++
20:29:34.314 INFO  manager.WDListener - Object target org.openqa.selenium.remote.RemoteWebDriver$RemoteTargetLocator@54e06788
20:29:34.314 INFO  manager.WDListener - +++++++++++++++++++++++++++++++
20:29:34.314 INFO  manager.WDListener - Method name alert
20:29:34.314 INFO  manager.WDListener - +++++++++++++++++++++++++++++++
20:29:34.315 INFO  manager.WDListener - InvocationTargetException org.openqa.selenium.NoAlertPresentException: no such alert
  (Session info: chrome=145.0.7632.116)
Build info: version: '4.26.0', revision: '8ccf0219d7'
System info: os.name: 'Windows 11', os.arch: 'amd64', os.version: '10.0', java.version: '17.0.12'
Driver info: org.openqa.selenium.chrome.ChromeDriver
Command: [011f61a73fbb72e336e5f550740bce9b, getAlertText {}]
Capabilities {acceptInsecureCerts: false, browserName: chrome, browserVersion: 145.0.7632.116, chrome: {chromedriverVersion: 145.0.7632.77 (da516187054a..., userDataDir: C:\Users\np170\AppData\Loca...}, fedcm:accounts: true, goog:chromeOptions: {debuggerAddress: localhost:54838}, goog:processID: 21788, networkConnectionEnabled: false, pageLoadStrategy: normal, platformName: windows, proxy: Proxy(), se:cdp: ws://localhost:54838/devtoo..., se:cdpVersion: 145.0.7632.116, setWindowRect: true, strictFileInteractability: false, timeouts: {implicit: 0, pageLoad: 300000, script: 30000}, unhandledPromptBehavior: dismiss and notify, webauthn:extension:credBlob: true, webauthn:extension:largeBlob: true, webauthn:extension:minPinLength: true, webauthn:extension:prf: true, webauthn:virtualAuthenticators: true}
Session ID: 011f61a73fbb72e336e5f550740bce9b
20:29:34.315 INFO  manager.WDListener - +++++++++++++++++++++++++++++++
20:29:34.315 INFO  manager.WDListener - Screen with error is src/test/screenshots/screen_1214.png
20:29:34.826 INFO  manager.WDListener - Houston, we have a problem!
20:29:34.826 INFO  manager.WDListener - +++++++++++++++++++++++++++++++
20:29:34.826 INFO  manager.WDListener - Object target org.openqa.selenium.remote.RemoteWebDriver$RemoteTargetLocator@43b45ce4
20:29:34.826 INFO  manager.WDListener - +++++++++++++++++++++++++++++++
20:29:34.826 INFO  manager.WDListener - Method name alert
20:29:34.826 INFO  manager.WDListener - +++++++++++++++++++++++++++++++
20:29:34.826 INFO  manager.WDListener - InvocationTargetException org.openqa.selenium.NoAlertPresentException: no such alert
  (Session info: chrome=145.0.7632.116)
Build info: version: '4.26.0', revision: '8ccf0219d7'
System info: os.name: 'Windows 11', os.arch: 'amd64', os.version: '10.0', java.version: '17.0.12'
Driver info: org.openqa.selenium.chrome.ChromeDriver
Command: [011f61a73fbb72e336e5f550740bce9b, getAlertText {}]
Capabilities {acceptInsecureCerts: false, browserName: chrome, browserVersion: 145.0.7632.116, chrome: {chromedriverVersion: 145.0.7632.77 (da516187054a..., userDataDir: C:\Users\np170\AppData\Loca...}, fedcm:accounts: true, goog:chromeOptions: {debuggerAddress: localhost:54838}, goog:processID: 21788, networkConnectionEnabled: false, pageLoadStrategy: normal, platformName: windows, proxy: Proxy(), se:cdp: ws://localhost:54838/devtoo..., se:cdpVersion: 145.0.7632.116, setWindowRect: true, strictFileInteractability: false, timeouts: {implicit: 0, pageLoad: 300000, script: 30000}, unhandledPromptBehavior: dismiss and notify, webauthn:extension:credBlob: true, webauthn:extension:largeBlob: true, webauthn:extension:minPinLength: true, webauthn:extension:prf: true, webauthn:virtualAuthenticators: true}
Session ID: 011f61a73fbb72e336e5f550740bce9b
20:29:34.827 INFO  manager.WDListener - +++++++++++++++++++++++++++++++
20:29:34.827 INFO  manager.WDListener - Screen with error is src/test/screenshots/screen_1183.png
20:29:35.353 INFO  manager.TestNGListener - Start test addNewContactWrongPhone=================
20:29:35.354 INFO  tests.TestBase - +++++++++++++++++++++++++++++++
20:29:35.361 INFO  tests.TestBase - Name of method -->loginSuccess
20:29:35.362 INFO  manager.WDListener - Before find element By.xpath: //button[text()='Sign Out']
20:29:35.423 INFO  manager.WDListener - After find element By.xpath: //button[text()='Sign Out']
20:29:35.435 INFO  manager.WDListener - Location of element button
20:29:35.462 INFO  manager.WDListener - Before click element --> buttontext=Sign Out
20:29:35.580 INFO  tests.TestBase - Before method finished logout
20:29:35.580 INFO  manager.TestNGListener - Start test loginSuccess=================
20:29:35.580 INFO  tests.TestBase - Start test loginSuccess
20:29:35.581 INFO  tests.TestBase - Test data np7788@inbox.ru and password WadiNisnas8#
20:29:35.606 INFO  manager.WDListener - After find element By.cssSelector: a[href='/login']
20:29:35.618 INFO  manager.WDListener - Location of element a
20:29:35.646 INFO  manager.WDListener - Before click element --> atext=LOGIN
20:29:35.776 INFO  manager.WDListener - After click element a
20:29:35.802 INFO  manager.WDListener - After find element By.name: email
20:29:35.813 INFO  manager.WDListener - Location of element input
20:29:35.834 INFO  manager.WDListener - Before click element --> inputtext=
20:29:35.937 INFO  manager.WDListener - After click element input
20:29:35.975 INFO  manager.WDListener - Send Keys input
20:29:36.034 INFO  manager.WDListener - Send Keys input
20:29:36.077 INFO  manager.WDListener - Send Keys input
20:29:36.145 INFO  manager.WDListener - After find element By.xpath: //button[text()='Login']
20:29:36.153 INFO  manager.WDListener - Location of element button
20:29:36.176 INFO  manager.WDListener - Before click element --> buttontext=Login
20:29:36.265 INFO  manager.WDListener - Before find element By.xpath: //button[text()='Sign Out']
20:29:36.646 INFO  manager.TestNGListener - Start test loginSuccess=================
20:29:36.647 INFO  tests.TestBase - +++++++++++++++++++++++++++++++
20:29:36.648 INFO  tests.TestBase - Name of method -->loginSuccess
20:29:36.649 INFO  manager.WDListener - Before find element By.xpath: //button[text()='Sign Out']
20:29:36.659 INFO  manager.WDListener - Houston, we have a problem!
20:29:36.659 INFO  manager.WDListener - +++++++++++++++++++++++++++++++
20:29:36.659 INFO  manager.WDListener - Object target ChromeDriver: chrome on windows (011f61a73fbb72e336e5f550740bce9b)
20:29:36.659 INFO  manager.WDListener - +++++++++++++++++++++++++++++++
20:29:36.659 INFO  manager.WDListener - Method name findElements
20:29:36.659 INFO  manager.WDListener - +++++++++++++++++++++++++++++++
20:29:36.659 INFO  manager.WDListener - InvocationTargetException org.openqa.selenium.UnhandledAlertException: unexpected alert open: {Alert text : Wrong email or password}
  (Session info: chrome=145.0.7632.116): Wrong email or password
Build info: version: '4.26.0', revision: '8ccf0219d7'
System info: os.name: 'Windows 11', os.arch: 'amd64', os.version: '10.0', java.version: '17.0.12'
Driver info: org.openqa.selenium.chrome.ChromeDriver
Command: [011f61a73fbb72e336e5f550740bce9b, findElements {using=xpath, value=//button[text()='Sign Out']}]
Capabilities {acceptInsecureCerts: false, browserName: chrome, browserVersion: 145.0.7632.116, chrome: {chromedriverVersion: 145.0.7632.77 (da516187054a..., userDataDir: C:\Users\np170\AppData\Loca...}, fedcm:accounts: true, goog:chromeOptions: {debuggerAddress: localhost:54838}, goog:processID: 21788, networkConnectionEnabled: false, pageLoadStrategy: normal, platformName: windows, proxy: Proxy(), se:cdp: ws://localhost:54838/devtoo..., se:cdpVersion: 145.0.7632.116, setWindowRect: true, strictFileInteractability: false, timeouts: {implicit: 0, pageLoad: 300000, script: 30000}, unhandledPromptBehavior: dismiss and notify, webauthn:extension:credBlob: true, webauthn:extension:largeBlob: true, webauthn:extension:minPinLength: true, webauthn:extension:prf: true, webauthn:virtualAuthenticators: true}
Session ID: 011f61a73fbb72e336e5f550740bce9b
20:29:36.659 INFO  manager.WDListener - +++++++++++++++++++++++++++++++
20:29:36.659 INFO  manager.WDListener - Screen with error is src/test/screenshots/screen_1423.png
20:29:37.059 INFO  manager.TestNGListener - Start test loginSuccess=================
20:29:37.059 INFO  manager.TestNGListener - Start test loginSuccess=================
20:29:37.060 INFO  tests.TestBase - +++++++++++++++++++++++++++++++
20:29:37.062 INFO  tests.TestBase - Name of method -->loginSuccess
20:29:37.062 INFO  manager.WDListener - Before find element By.xpath: //button[text()='Sign Out']
20:29:42.105 INFO  manager.TestNGListener - Start test loginSuccess=================
20:29:42.106 INFO  manager.TestNGListener - Start test loginSuccess=================
20:29:42.107 INFO  tests.TestBase - +++++++++++++++++++++++++++++++
20:29:42.110 INFO  tests.TestBase - Name of method -->loginSuccess
20:29:42.111 INFO  manager.WDListener - Before find element By.xpath: //button[text()='Sign Out']
20:29:47.138 INFO  manager.TestNGListener - Start test loginSuccess=================
20:29:47.138 INFO  manager.TestNGListener - Start test loginSuccess=================
20:29:47.139 INFO  tests.TestBase - +++++++++++++++++++++++++++++++
20:29:47.140 INFO  tests.TestBase - Name of method -->loginSuccessModel
20:29:47.141 INFO  manager.WDListener - Before find element By.xpath: //button[text()='Sign Out']
20:29:52.174 INFO  manager.TestNGListener - Start test loginSuccessModel=================
20:29:52.175 INFO  manager.TestNGListener - Start test loginSuccessModel=================
20:29:52.176 INFO  tests.TestBase - +++++++++++++++++++++++++++++++
20:29:52.177 INFO  tests.TestBase - Name of method -->loginSuccessModel
20:29:52.178 INFO  manager.WDListener - Before find element By.xpath: //button[text()='Sign Out']
20:29:57.231 INFO  manager.TestNGListener - Start test loginSuccessModel=================
20:29:57.231 INFO  manager.TestNGListener - Start test loginSuccessModel=================
20:29:57.232 INFO  tests.TestBase - +++++++++++++++++++++++++++++++
20:29:57.233 INFO  tests.TestBase - Name of method -->loginSuccessModel
20:29:57.234 INFO  manager.WDListener - Before find element By.xpath: //button[text()='Sign Out']
20:30:02.264 INFO  manager.TestNGListener - Start test loginSuccessModel=================
20:30:02.264 INFO  manager.TestNGListener - Start test loginSuccessModel=================
20:30:02.265 INFO  tests.TestBase - +++++++++++++++++++++++++++++++
20:30:02.266 INFO  tests.TestBase - Name of method -->loginUnregisteredUser
20:30:02.266 INFO  manager.WDListener - Before find element By.xpath: //button[text()='Sign Out']
20:30:07.332 INFO  manager.TestNGListener - Start test loginUnregisteredUser=================
20:30:07.332 INFO  manager.TestNGListener - Start test loginUnregisteredUser=================
20:30:07.333 INFO  tests.TestBase - +++++++++++++++++++++++++++++++
20:30:07.333 INFO  tests.TestBase - Name of method -->loginWrongEmail
20:30:07.334 INFO  manager.WDListener - Before find element By.xpath: //button[text()='Sign Out']
20:30:12.344 INFO  manager.TestNGListener - Start test loginWrongEmail=================
20:30:12.344 INFO  manager.TestNGListener - Start test loginWrongEmail=================
20:30:12.345 INFO  tests.TestBase - +++++++++++++++++++++++++++++++
20:30:12.345 INFO  tests.TestBase - Name of method -->loginWrongPassword
20:30:12.346 INFO  manager.WDListener - Before find element By.xpath: //button[text()='Sign Out']
20:30:17.356 INFO  manager.TestNGListener - Start test loginWrongPassword=================
20:30:17.356 INFO  manager.TestNGListener - Start test loginWrongPassword=================
20:30:17.357 INFO  tests.TestBase - +++++++++++++++++++++++++++++++
20:30:17.358 INFO  tests.TestBase - Name of method -->registrationRegisteredUser
20:30:17.358 INFO  manager.WDListener - Before find element By.xpath: //button[text()='Sign Out']
20:30:22.429 INFO  manager.TestNGListener - Start test registrationRegisteredUser=================
20:30:22.446 INFO  manager.WDListener - After find element By.cssSelector: a[href='/login']
20:30:22.450 INFO  manager.WDListener - Location of element a
20:30:22.463 INFO  manager.WDListener - Before click element --> atext=LOGIN
20:30:22.525 INFO  manager.WDListener - After click element a
20:30:22.540 INFO  manager.WDListener - After find element By.name: email
20:30:22.551 INFO  manager.WDListener - Location of element input
20:30:22.578 INFO  manager.WDListener - Before click element --> inputtext=
20:30:22.685 INFO  manager.WDListener - After click element input
20:30:22.737 INFO  manager.WDListener - Send Keys input
20:30:22.816 INFO  manager.WDListener - Send Keys input
20:30:22.862 INFO  manager.WDListener - Send Keys input
20:30:22.935 INFO  manager.WDListener - After find element By.name: password
20:30:22.946 INFO  manager.WDListener - Location of element input
20:30:22.965 INFO  manager.WDListener - Before click element --> inputtext=
20:30:23.058 INFO  manager.WDListener - After click element input
20:30:23.105 INFO  manager.WDListener - Send Keys input
20:30:23.150 INFO  manager.WDListener - Send Keys input
20:30:23.212 INFO  manager.WDListener - Send Keys input
20:30:23.291 INFO  manager.WDListener - After find element By.xpath: //button[text()='Registration']
20:30:23.300 INFO  manager.WDListener - Location of element button
20:30:23.321 INFO  manager.WDListener - Before click element --> buttontext=Registration
20:30:23.427 INFO  manager.WDListener - Houston, we have a problem!
20:30:23.427 INFO  manager.WDListener - +++++++++++++++++++++++++++++++
20:30:23.427 INFO  manager.WDListener - Object target org.openqa.selenium.remote.RemoteWebDriver$RemoteTargetLocator@67292fc7
20:30:23.427 INFO  manager.WDListener - +++++++++++++++++++++++++++++++
20:30:23.427 INFO  manager.WDListener - Method name alert
20:30:23.427 INFO  manager.WDListener - +++++++++++++++++++++++++++++++
20:30:23.427 INFO  manager.WDListener - InvocationTargetException org.openqa.selenium.NoAlertPresentException: no such alert
  (Session info: chrome=145.0.7632.116)
Build info: version: '4.26.0', revision: '8ccf0219d7'
System info: os.name: 'Windows 11', os.arch: 'amd64', os.version: '10.0', java.version: '17.0.12'
Driver info: org.openqa.selenium.chrome.ChromeDriver
Command: [011f61a73fbb72e336e5f550740bce9b, getAlertText {}]
Capabilities {acceptInsecureCerts: false, browserName: chrome, browserVersion: 145.0.7632.116, chrome: {chromedriverVersion: 145.0.7632.77 (da516187054a..., userDataDir: C:\Users\np170\AppData\Loca...}, fedcm:accounts: true, goog:chromeOptions: {debuggerAddress: localhost:54838}, goog:processID: 21788, networkConnectionEnabled: false, pageLoadStrategy: normal, platformName: windows, proxy: Proxy(), se:cdp: ws://localhost:54838/devtoo..., se:cdpVersion: 145.0.7632.116, setWindowRect: true, strictFileInteractability: false, timeouts: {implicit: 0, pageLoad: 300000, script: 30000}, unhandledPromptBehavior: dismiss and notify, webauthn:extension:credBlob: true, webauthn:extension:largeBlob: true, webauthn:extension:minPinLength: true, webauthn:extension:prf: true, webauthn:virtualAuthenticators: true}
Session ID: 011f61a73fbb72e336e5f550740bce9b
20:30:23.427 INFO  manager.WDListener - +++++++++++++++++++++++++++++++
20:30:23.427 INFO  manager.WDListener - Screen with error is src/test/screenshots/screen_1419.png
20:30:23.944 INFO  manager.WDListener - Houston, we have a problem!
20:30:23.944 INFO  manager.WDListener - +++++++++++++++++++++++++++++++
20:30:23.945 INFO  manager.WDListener - Object target org.openqa.selenium.remote.RemoteWebDriver$RemoteTargetLocator@a1d926b
20:30:23.945 INFO  manager.WDListener - +++++++++++++++++++++++++++++++
20:30:23.945 INFO  manager.WDListener - Method name alert
20:30:23.945 INFO  manager.WDListener - +++++++++++++++++++++++++++++++
20:30:23.945 INFO  manager.WDListener - InvocationTargetException org.openqa.selenium.NoAlertPresentException: no such alert
  (Session info: chrome=145.0.7632.116)
Build info: version: '4.26.0', revision: '8ccf0219d7'
System info: os.name: 'Windows 11', os.arch: 'amd64', os.version: '10.0', java.version: '17.0.12'
Driver info: org.openqa.selenium.chrome.ChromeDriver
Command: [011f61a73fbb72e336e5f550740bce9b, getAlertText {}]
Capabilities {acceptInsecureCerts: false, browserName: chrome, browserVersion: 145.0.7632.116, chrome: {chromedriverVersion: 145.0.7632.77 (da516187054a..., userDataDir: C:\Users\np170\AppData\Loca...}, fedcm:accounts: true, goog:chromeOptions: {debuggerAddress: localhost:54838}, goog:processID: 21788, networkConnectionEnabled: false, pageLoadStrategy: normal, platformName: windows, proxy: Proxy(), se:cdp: ws://localhost:54838/devtoo..., se:cdpVersion: 145.0.7632.116, setWindowRect: true, strictFileInteractability: false, timeouts: {implicit: 0, pageLoad: 300000, script: 30000}, unhandledPromptBehavior: dismiss and notify, webauthn:extension:credBlob: true, webauthn:extension:largeBlob: true, webauthn:extension:minPinLength: true, webauthn:extension:prf: true, webauthn:virtualAuthenticators: true}
Session ID: 011f61a73fbb72e336e5f550740bce9b
20:30:23.945 INFO  manager.WDListener - +++++++++++++++++++++++++++++++
20:30:23.945 INFO  manager.WDListener - Screen with error is src/test/screenshots/screen_1700.png
20:30:24.459 INFO  manager.WDListener - Houston, we have a problem!
20:30:24.459 INFO  manager.WDListener - +++++++++++++++++++++++++++++++
20:30:24.459 INFO  manager.WDListener - Object target org.openqa.selenium.remote.RemoteWebDriver$RemoteTargetLocator@579ce2e9
20:30:24.459 INFO  manager.WDListener - +++++++++++++++++++++++++++++++
20:30:24.459 INFO  manager.WDListener - Method name alert
20:30:24.459 INFO  manager.WDListener - +++++++++++++++++++++++++++++++
20:30:24.460 INFO  manager.WDListener - InvocationTargetException org.openqa.selenium.NoAlertPresentException: no such alert
  (Session info: chrome=145.0.7632.116)
Build info: version: '4.26.0', revision: '8ccf0219d7'
System info: os.name: 'Windows 11', os.arch: 'amd64', os.version: '10.0', java.version: '17.0.12'
Driver info: org.openqa.selenium.chrome.ChromeDriver
Command: [011f61a73fbb72e336e5f550740bce9b, getAlertText {}]
Capabilities {acceptInsecureCerts: false, browserName: chrome, browserVersion: 145.0.7632.116, chrome: {chromedriverVersion: 145.0.7632.77 (da516187054a..., userDataDir: C:\Users\np170\AppData\Loca...}, fedcm:accounts: true, goog:chromeOptions: {debuggerAddress: localhost:54838}, goog:processID: 21788, networkConnectionEnabled: false, pageLoadStrategy: normal, platformName: windows, proxy: Proxy(), se:cdp: ws://localhost:54838/devtoo..., se:cdpVersion: 145.0.7632.116, setWindowRect: true, strictFileInteractability: false, timeouts: {implicit: 0, pageLoad: 300000, script: 30000}, unhandledPromptBehavior: dismiss and notify, webauthn:extension:credBlob: true, webauthn:extension:largeBlob: true, webauthn:extension:minPinLength: true, webauthn:extension:prf: true, webauthn:virtualAuthenticators: true}
Session ID: 011f61a73fbb72e336e5f550740bce9b
20:30:24.460 INFO  manager.WDListener - +++++++++++++++++++++++++++++++
20:30:24.460 INFO  manager.WDListener - Screen with error is src/test/screenshots/screen_1170.png
20:30:24.991 INFO  manager.TestNGListener - Start test registrationRegisteredUser=================
20:30:24.992 INFO  tests.TestBase - +++++++++++++++++++++++++++++++
20:30:24.994 INFO  tests.TestBase - Name of method -->registrationSuccess
20:30:24.995 INFO  manager.WDListener - Before find element By.xpath: //button[text()='Sign Out']
20:30:30.044 INFO  manager.TestNGListener - Start test registrationSuccess=================
20:30:30.065 INFO  manager.WDListener - After find element By.cssSelector: a[href='/login']
20:30:30.074 INFO  manager.WDListener - Location of element a
20:30:30.095 INFO  manager.WDListener - Before click element --> atext=LOGIN
20:30:30.169 INFO  manager.WDListener - After click element a
20:30:30.178 INFO  manager.WDListener - After find element By.name: email
20:30:30.188 INFO  manager.WDListener - Location of element input
20:30:30.208 INFO  manager.WDListener - Before click element --> inputtext=
20:30:30.367 INFO  manager.WDListener - After click element input
20:30:30.409 INFO  manager.WDListener - Send Keys input
20:30:30.483 INFO  manager.WDListener - Send Keys input
20:30:30.531 INFO  manager.WDListener - Send Keys input
20:30:30.616 INFO  manager.WDListener - After find element By.name: password
20:30:30.626 INFO  manager.WDListener - Location of element input
20:30:30.647 INFO  manager.WDListener - Before click element --> inputtext=
20:30:30.738 INFO  manager.WDListener - After click element input
20:30:30.785 INFO  manager.WDListener - Send Keys input
20:30:30.814 INFO  manager.WDListener - Send Keys input
20:30:30.834 INFO  manager.WDListener - Send Keys input
20:30:30.874 INFO  manager.WDListener - After find element By.xpath: //button[text()='Registration']
20:30:30.883 INFO  manager.WDListener - Location of element button
20:30:30.904 INFO  manager.WDListener - Before click element --> buttontext=Registration
20:30:30.990 INFO  manager.WDListener - Before find element By.xpath: //button[text()='Sign Out']
20:30:32.294 INFO  manager.WDListener - After find element By.cssSelector: .contact-page_message__2qafk>h1
20:30:32.305 INFO  manager.WDListener - Location of element h1
20:30:32.319 INFO  manager.TestNGListener - Start test registrationSuccess=================
20:30:32.320 INFO  tests.TestBase - +++++++++++++++++++++++++++++++
20:30:32.321 INFO  tests.TestBase - Name of method -->registrationWrongEmail
20:30:32.322 INFO  manager.WDListener - Before find element By.xpath: //button[text()='Sign Out']
20:30:32.358 INFO  manager.WDListener - After find element By.xpath: //button[text()='Sign Out']
20:30:32.367 INFO  manager.WDListener - Location of element button
20:30:32.382 INFO  manager.WDListener - Before click element --> buttontext=Sign Out
20:30:32.457 INFO  manager.TestNGListener - Start test registrationWrongEmail=================
20:30:32.476 INFO  manager.WDListener - After find element By.cssSelector: a[href='/login']
20:30:32.484 INFO  manager.WDListener - Location of element a
20:30:32.500 INFO  manager.WDListener - Before click element --> atext=LOGIN
20:30:32.585 INFO  manager.WDListener - After click element a
20:30:32.601 INFO  manager.WDListener - After find element By.name: email
20:30:32.609 INFO  manager.WDListener - Location of element input
20:30:32.626 INFO  manager.WDListener - Before click element --> inputtext=
20:30:32.727 INFO  manager.WDListener - After click element input
20:30:32.770 INFO  manager.WDListener - Send Keys input
20:30:32.812 INFO  manager.WDListener - Send Keys input
20:30:32.858 INFO  manager.WDListener - Send Keys input
20:30:32.928 INFO  manager.WDListener - After find element By.name: password
20:30:32.938 INFO  manager.WDListener - Location of element input
20:30:32.963 INFO  manager.WDListener - Before click element --> inputtext=
20:30:33.072 INFO  manager.WDListener - After click element input
20:30:33.108 INFO  manager.WDListener - Send Keys input
20:30:33.150 INFO  manager.WDListener - Send Keys input
20:30:33.203 INFO  manager.WDListener - Send Keys input
20:30:33.292 INFO  manager.WDListener - After find element By.xpath: //button[text()='Registration']
20:30:33.302 INFO  manager.WDListener - Location of element button
20:30:33.326 INFO  manager.WDListener - Before click element --> buttontext=Registration
20:30:33.427 INFO  manager.WDListener - Houston, we have a problem!
20:30:33.427 INFO  manager.WDListener - +++++++++++++++++++++++++++++++
20:30:33.427 INFO  manager.WDListener - Object target org.openqa.selenium.remote.RemoteWebDriver$RemoteTargetLocator@1734b1a
20:30:33.427 INFO  manager.WDListener - +++++++++++++++++++++++++++++++
20:30:33.427 INFO  manager.WDListener - Method name alert
20:30:33.427 INFO  manager.WDListener - +++++++++++++++++++++++++++++++
20:30:33.427 INFO  manager.WDListener - InvocationTargetException org.openqa.selenium.NoAlertPresentException: no such alert
  (Session info: chrome=145.0.7632.116)
Build info: version: '4.26.0', revision: '8ccf0219d7'
System info: os.name: 'Windows 11', os.arch: 'amd64', os.version: '10.0', java.version: '17.0.12'
Driver info: org.openqa.selenium.chrome.ChromeDriver
Command: [011f61a73fbb72e336e5f550740bce9b, getAlertText {}]
Capabilities {acceptInsecureCerts: false, browserName: chrome, browserVersion: 145.0.7632.116, chrome: {chromedriverVersion: 145.0.7632.77 (da516187054a..., userDataDir: C:\Users\np170\AppData\Loca...}, fedcm:accounts: true, goog:chromeOptions: {debuggerAddress: localhost:54838}, goog:processID: 21788, networkConnectionEnabled: false, pageLoadStrategy: normal, platformName: windows, proxy: Proxy(), se:cdp: ws://localhost:54838/devtoo..., se:cdpVersion: 145.0.7632.116, setWindowRect: true, strictFileInteractability: false, timeouts: {implicit: 0, pageLoad: 300000, script: 30000}, unhandledPromptBehavior: dismiss and notify, webauthn:extension:credBlob: true, webauthn:extension:largeBlob: true, webauthn:extension:minPinLength: true, webauthn:extension:prf: true, webauthn:virtualAuthenticators: true}
Session ID: 011f61a73fbb72e336e5f550740bce9b
20:30:33.427 INFO  manager.WDListener - +++++++++++++++++++++++++++++++
20:30:33.427 INFO  manager.WDListener - Screen with error is src/test/screenshots/screen_1897.png
20:30:33.958 INFO  manager.TestNGListener - Start test registrationWrongEmail=================
20:30:33.959 INFO  tests.TestBase - +++++++++++++++++++++++++++++++
20:30:33.962 INFO  tests.TestBase - Name of method -->registrationWrongPassword
20:30:33.965 INFO  manager.WDListener - Before find element By.xpath: //button[text()='Sign Out']
20:30:39.008 INFO  manager.TestNGListener - Start test registrationWrongPassword=================
20:30:39.028 INFO  manager.WDListener - After find element By.cssSelector: a[href='/login']
20:30:39.042 INFO  manager.WDListener - Location of element a
20:30:39.061 INFO  manager.WDListener - Before click element --> atext=LOGIN
20:30:39.151 INFO  manager.WDListener - After click element a
20:30:39.169 INFO  manager.WDListener - After find element By.name: email
20:30:39.176 INFO  manager.WDListener - Location of element input
20:30:39.195 INFO  manager.WDListener - Before click element --> inputtext=
20:30:39.314 INFO  manager.WDListener - After click element input
20:30:39.355 INFO  manager.WDListener - Send Keys input
20:30:39.418 INFO  manager.WDListener - Send Keys input
20:30:39.460 INFO  manager.WDListener - Send Keys input
20:30:39.529 INFO  manager.WDListener - After find element By.name: password
20:30:39.539 INFO  manager.WDListener - Location of element input
20:30:39.563 INFO  manager.WDListener - Before click element --> inputtext=
20:30:39.669 INFO  manager.WDListener - After click element input
20:30:39.715 INFO  manager.WDListener - Send Keys input
20:30:39.789 INFO  manager.WDListener - Send Keys input
20:30:39.835 INFO  manager.WDListener - Send Keys input
20:30:39.895 INFO  manager.WDListener - After find element By.xpath: //button[text()='Registration']
20:30:39.905 INFO  manager.WDListener - Location of element button
20:30:39.925 INFO  manager.WDListener - Before click element --> buttontext=Registration
20:30:40.016 INFO  manager.WDListener - Houston, we have a problem!
20:30:40.016 INFO  manager.WDListener - +++++++++++++++++++++++++++++++
20:30:40.016 INFO  manager.WDListener - Object target org.openqa.selenium.remote.RemoteWebDriver$RemoteTargetLocator@670ae31f
20:30:40.016 INFO  manager.WDListener - +++++++++++++++++++++++++++++++
20:30:40.016 INFO  manager.WDListener - Method name alert
20:30:40.016 INFO  manager.WDListener - +++++++++++++++++++++++++++++++
20:30:40.016 INFO  manager.WDListener - InvocationTargetException org.openqa.selenium.NoAlertPresentException: no such alert
  (Session info: chrome=145.0.7632.116)
Build info: version: '4.26.0', revision: '8ccf0219d7'
System info: os.name: 'Windows 11', os.arch: 'amd64', os.version: '10.0', java.version: '17.0.12'
Driver info: org.openqa.selenium.chrome.ChromeDriver
Command: [011f61a73fbb72e336e5f550740bce9b, getAlertText {}]
Capabilities {acceptInsecureCerts: false, browserName: chrome, browserVersion: 145.0.7632.116, chrome: {chromedriverVersion: 145.0.7632.77 (da516187054a..., userDataDir: C:\Users\np170\AppData\Loca...}, fedcm:accounts: true, goog:chromeOptions: {debuggerAddress: localhost:54838}, goog:processID: 21788, networkConnectionEnabled: false, pageLoadStrategy: normal, platformName: windows, proxy: Proxy(), se:cdp: ws://localhost:54838/devtoo..., se:cdpVersion: 145.0.7632.116, setWindowRect: true, strictFileInteractability: false, timeouts: {implicit: 0, pageLoad: 300000, script: 30000}, unhandledPromptBehavior: dismiss and notify, webauthn:extension:credBlob: true, webauthn:extension:largeBlob: true, webauthn:extension:minPinLength: true, webauthn:extension:prf: true, webauthn:virtualAuthenticators: true}
Session ID: 011f61a73fbb72e336e5f550740bce9b
20:30:40.016 INFO  manager.WDListener - +++++++++++++++++++++++++++++++
20:30:40.016 INFO  manager.WDListener - Screen with error is src/test/screenshots/screen_1492.png
20:30:40.561 INFO  manager.TestNGListener - Start test registrationWrongPassword=================
20:30:40.562 INFO  tests.TestBase - +++++++++++++++++++++++++++++++
20:30:40.563 INFO  tests.TestBase - Name of method -->removeFirstContact
20:30:40.564 INFO  manager.WDListener - Before find element By.xpath: //button[text()='Sign Out']
20:30:45.609 INFO  manager.WDListener - After find element By.cssSelector: a[href='/login']
20:30:45.620 INFO  manager.WDListener - Location of element a
20:30:45.637 INFO  manager.WDListener - Before click element --> atext=LOGIN
20:30:45.733 INFO  manager.WDListener - After click element a
20:30:45.751 INFO  manager.WDListener - After find element By.name: email
20:30:45.760 INFO  manager.WDListener - Location of element input
20:30:45.779 INFO  manager.WDListener - Before click element --> inputtext=
20:30:45.867 INFO  manager.WDListener - After click element input
20:30:45.909 INFO  manager.WDListener - Send Keys input
20:30:45.972 INFO  manager.WDListener - Send Keys input
20:30:46.011 INFO  manager.WDListener - Send Keys input
20:30:46.078 INFO  manager.WDListener - After find element By.name: password
20:30:46.090 INFO  manager.WDListener - Location of element input
20:30:46.110 INFO  manager.WDListener - Before click element --> inputtext=
20:30:46.199 INFO  manager.WDListener - After click element input
20:30:46.256 INFO  manager.WDListener - Send Keys input
20:30:46.318 INFO  manager.WDListener - Send Keys input
20:30:46.373 INFO  manager.WDListener - Send Keys input
20:30:46.448 INFO  manager.WDListener - After find element By.xpath: //button[text()='Login']
20:30:46.458 INFO  manager.WDListener - Location of element button
20:30:46.482 INFO  manager.WDListener - Before click element --> buttontext=Login
20:30:46.564 INFO  manager.WDListener - Before find element By.cssSelector: contact-item_card__2SOIM
20:30:56.616 INFO  manager.WDListener - Houston, we have a problem!
20:30:56.616 INFO  manager.WDListener - +++++++++++++++++++++++++++++++
20:30:56.616 INFO  manager.WDListener - Object target ChromeDriver: chrome on windows (011f61a73fbb72e336e5f550740bce9b)
20:30:56.616 INFO  manager.WDListener - +++++++++++++++++++++++++++++++
20:30:56.616 INFO  manager.WDListener - Method name findElement
20:30:56.616 INFO  manager.WDListener - +++++++++++++++++++++++++++++++
20:30:56.616 INFO  manager.WDListener - InvocationTargetException org.openqa.selenium.NoSuchElementException: no such element: Unable to locate element: {"method":"xpath","selector":"//*[@href='/add']"}
  (Session info: chrome=145.0.7632.116)
For documentation on this error, please visit: https://www.selenium.dev/documentation/webdriver/troubleshooting/errors#no-such-element-exception
Build info: version: '4.26.0', revision: '8ccf0219d7'
System info: os.name: 'Windows 11', os.arch: 'amd64', os.version: '10.0', java.version: '17.0.12'
Driver info: org.openqa.selenium.chrome.ChromeDriver
Command: [011f61a73fbb72e336e5f550740bce9b, findElement {using=xpath, value=//*[@href='/add']}]
Capabilities {acceptInsecureCerts: false, browserName: chrome, browserVersion: 145.0.7632.116, chrome: {chromedriverVersion: 145.0.7632.77 (da516187054a..., userDataDir: C:\Users\np170\AppData\Loca...}, fedcm:accounts: true, goog:chromeOptions: {debuggerAddress: localhost:54838}, goog:processID: 21788, networkConnectionEnabled: false, pageLoadStrategy: normal, platformName: windows, proxy: Proxy(), se:cdp: ws://localhost:54838/devtoo..., se:cdpVersion: 145.0.7632.116, setWindowRect: true, strictFileInteractability: false, timeouts: {implicit: 0, pageLoad: 300000, script: 30000}, unhandledPromptBehavior: dismiss and notify, webauthn:extension:credBlob: true, webauthn:extension:largeBlob: true, webauthn:extension:minPinLength: true, webauthn:extension:prf: true, webauthn:virtualAuthenticators: true}
Session ID: 011f61a73fbb72e336e5f550740bce9b
20:30:56.617 INFO  manager.WDListener - +++++++++++++++++++++++++++++++
20:30:56.617 INFO  manager.WDListener - Screen with error is src/test/screenshots/screen_1385.png
20:30:56.987 INFO  manager.TestNGListener - Start test removeFirstContact=================
20:30:56.987 INFO  manager.TestNGListener - Start test removeFirstContact=================
20:30:56.987 INFO  tests.TestBase - +++++++++++++++++++++++++++++++
20:30:56.988 INFO  manager.TestNGListener - Stop testing on date Wed Feb 25 20:28:36 IST 2026=================
